Place Key,Location Key,City,State/Region,Country,Timezone,Geoname ID,Event Family,Event Name,Event Type,Condition Code,Cycle Anchor,Completeness Status,Date,Action Role,Special Events,Special Event Details,Note,Message,Source Module,Rule Version
geoname:6182962,geoname:6182962|city:windsor,Windsor,Ontario,Canada,America/New_York,6182962,SANKRAMANA,Simha Sankranti,SANKRAMANA,DRIK_SANKRAMANA_DETAIL,2026-08-16,COMPLETE,2026-08-16,OBSERVANCE,Simha Sankranti,Simha Sankranti Moment - 10:34 PM | Simha Sankranti Punya Kala - 01:36 PM to 08:31 PM | Simha Sankranti Maha Punya Kala - 06:13 PM to 08:31 PM,,Simha Sankranti. Simha Sankranti Moment - 10:34 PM | Simha Sankranti Punya Kala - 01:36 PM to 08:31 PM | Simha Sankranti Maha Punya Kala - 06:13 PM to 08:31 PM,sankramana_engine.py,SANKRAMANA_V2_1_CITY_CONTEXT_THEN_DISCOVERY_URL
geoname:2643743,geoname:2643743|city:london,London,London,United Kingdom,Europe/London,2643743,SANKRAMANA,Simha Sankranti,SANKRAMANA,DRIK_SANKRAMANA_DETAIL,2026-08-17,COMPLETE,2026-08-17,OBSERVANCE,Simha Sankranti,Simha Sankranti Moment - 03:34 AM | Simha Sankranti Punya Kala - 05:49 AM to 01:04 PM | Simha Sankranti Maha Punya Kala - 05:49 AM to 08:14 AM,,Simha Sankranti. Simha Sankranti Moment - 03:34 AM | Simha Sankranti Punya Kala - 05:49 AM to 01:04 PM | Simha Sankranti Maha Punya Kala - 05:49 AM to 08:14 AM,sankramana_engine.py,SANKRAMANA_V2_1_CITY_CONTEXT_THEN_DISCOVERY_URL
geoname:1276533,geoname:1276533|city:belgaum,Belgaum,Karnataka,India,Asia/Kolkata,1276533,SANKRAMANA,Simha Sankranti,SANKRAMANA,DRIK_SANKRAMANA_DETAIL,2026-08-17,COMPLETE,2026-08-17,OBSERVANCE,Simha Sankranti,Simha Sankranti Moment - 08:04 AM | Simha Sankranti Punya Kala - 06:17 AM to 08:04 AM | Simha Sankranti Maha Punya Kala - 06:17 AM to 08:04 AM,,Simha Sankranti. Simha Sankranti Moment - 08:04 AM | Simha Sankranti Punya Kala - 06:17 AM to 08:04 AM | Simha Sankranti Maha Punya Kala - 06:17 AM to 08:04 AM,sankramana_engine.py,SANKRAMANA_V2_1_CITY_CONTEXT_THEN_DISCOVERY_URL
geoname:1269920,geoname:1269920|city:hubli,Hubli,Karnataka,India,Asia/Kolkata,1269920,SANKRAMANA,Simha Sankranti,SANKRAMANA,DRIK_SANKRAMANA_DETAIL,2026-08-17,COMPLETE,2026-08-17,OBSERVANCE,Simha Sankranti,Simha Sankranti Moment - 08:04 AM | Simha Sankranti Punya Kala - 06:15 AM to 08:04 AM | Simha Sankranti Maha Punya Kala - 06:15 AM to 08:04 AM,,Simha Sankranti. Simha Sankranti Moment - 08:04 AM | Simha Sankranti Punya Kala - 06:15 AM to 08:04 AM | Simha Sankranti Maha Punya Kala - 06:15 AM to 08:04 AM,sankramana_engine.py,SANKRAMANA_V2_1_CITY_CONTEXT_THEN_DISCOVERY_URL
geoname:6173331,geoname:6173331|city:vancouver,Vancouver,British Columbia,Canada,America/Los_Angeles,6173331,SANKRAMANA,Simha Sankranti,SANKRAMANA,DRIK_SANKRAMANA_DETAIL,2026-08-16,COMPLETE,2026-08-16,OBSERVANCE,Simha Sankranti,Simha Sankranti Moment - 07:34 PM | Simha Sankranti Punya Kala - 11:55 AM to 07:34 PM | Simha Sankranti Maha Punya Kala - 05:10 PM to 07:34 PM,,Simha Sankranti. Simha Sankranti Moment - 07:34 PM | Simha Sankranti Punya Kala - 11:55 AM to 07:34 PM | Simha Sankranti Maha Punya Kala - 05:10 PM to 07:34 PM,sankramana_engine.py,SANKRAMANA_V2_1_CITY_CONTEXT_THEN_DISCOVERY_URL
geoname:5108728,geoname:5108728|city:belfast,Belfast,New York,United States,America/New_York,5108728,SANKRAMANA,Simha Sankranti,SANKRAMANA,DRIK_SANKRAMANA_DETAIL,2026-08-16,COMPLETE,2026-08-16,OBSERVANCE,Simha Sankranti,Simha Sankranti Moment - 10:34 PM | Simha Sankranti Punya Kala - 01:16 PM to 08:11 PM | Simha Sankranti Maha Punya Kala - 05:53 PM to 08:11 PM,,Simha Sankranti. Simha Sankranti Moment - 10:34 PM | Simha Sankranti Punya Kala - 01:16 PM to 08:11 PM | Simha Sankranti Maha Punya Kala - 05:53 PM to 08:11 PM,sankramana_engine.py,SANKRAMANA_V2_1_CITY_CONTEXT_THEN_DISCOVERY_URL
geoname:1835848,geoname:1835848|city:seoul,Seoul,Seoul,South Korea,Asia/Seoul,1835848,SANKRAMANA,Simha Sankranti,SANKRAMANA,DRIK_SANKRAMANA_DETAIL,2026-08-17,COMPLETE,2026-08-17,OBSERVANCE,Simha Sankranti,Simha Sankranti Moment - 11:34 AM | Simha Sankranti Punya Kala - 05:49 AM to 11:34 AM | Simha Sankranti Maha Punya Kala - 09:18 AM to 11:34 AM,,Simha Sankranti. Simha Sankranti Moment - 11:34 AM | Simha Sankranti Punya Kala - 05:49 AM to 11:34 AM | Simha Sankranti Maha Punya Kala - 09:18 AM to 11:34 AM,sankramana_engine.py,SANKRAMANA_V2_1_CITY_CONTEXT_THEN_DISCOVERY_URL
geoname:2193733,geoname:2193733|city:auckland,Auckland,Auckland,New Zealand,Pacific/Auckland,2193733,SANKRAMANA,Simha Sankranti,SANKRAMANA,DRIK_SANKRAMANA_DETAIL,2026-08-17,COMPLETE,2026-08-17,OBSERVANCE,Simha Sankranti,Simha Sankranti Moment - 02:34 PM | Simha Sankranti Punya Kala - 08:49 AM to 02:34 PM | Simha Sankranti Maha Punya Kala - 12:46 PM to 02:34 PM,,Simha Sankranti. Simha Sankranti Moment - 02:34 PM | Simha Sankranti Punya Kala - 08:49 AM to 02:34 PM | Simha Sankranti Maha Punya Kala - 12:46 PM to 02:34 PM,sankramana_engine.py,SANKRAMANA_V2_1_CITY_CONTEXT_THEN_DISCOVERY_URL
geoname:2179537,geoname:2179537|city:wellington,Wellington,Wellington,New Zealand,Pacific/Auckland,2179537,SANKRAMANA,Simha Sankranti,SANKRAMANA,DRIK_SANKRAMANA_DETAIL,2026-08-17,COMPLETE,2026-08-17,OBSERVANCE,Simha Sankranti,Simha Sankranti Moment - 02:34 PM | Simha Sankranti Punya Kala - 08:57 AM to 02:34 PM | Simha Sankranti Maha Punya Kala - 12:48 PM to 02:34 PM,,Simha Sankranti. Simha Sankranti Moment - 02:34 PM | Simha Sankranti Punya Kala - 08:57 AM to 02:34 PM | Simha Sankranti Maha Punya Kala - 12:48 PM to 02:34 PM,sankramana_engine.py,SANKRAMANA_V2_1_CITY_CONTEXT_THEN_DISCOVERY_URL
geoname:2192362,geoname:2192362|city:christchurch,Christchurch,Canterbury,New Zealand,Pacific/Auckland,2192362,SANKRAMANA,Simha Sankranti,SANKRAMANA,DRIK_SANKRAMANA_DETAIL,2026-08-17,COMPLETE,2026-08-17,OBSERVANCE,Simha Sankranti,Simha Sankranti Moment - 02:34 PM | Simha Sankranti Punya Kala - 09:01 AM to 02:34 PM | Simha Sankranti Maha Punya Kala - 12:50 PM to 02:34 PM,,Simha Sankranti. Simha Sankranti Moment - 02:34 PM | Simha Sankranti Punya Kala - 09:01 AM to 02:34 PM | Simha Sankranti Maha Punya Kala - 12:50 PM to 02:34 PM,sankramana_engine.py,SANKRAMANA_V2_1_CITY_CONTEXT_THEN_DISCOVERY_URL
geoname:1279290,geoname:1279290|city:agartala,Agartala,Tripura,India,Asia/Kolkata,1279290,SANKRAMANA,Simha Sankranti,SANKRAMANA,DRIK_SANKRAMANA_DETAIL,2026-08-17,COMPLETE,2026-08-17,OBSERVANCE,Simha Sankranti,Simha Sankranti Moment - 08:04 AM | Simha Sankranti Punya Kala - 05:01 AM to 08:04 AM | Simha Sankranti Maha Punya Kala - 05:54 AM to 08:04 AM,,Simha Sankranti. Simha Sankranti Moment - 08:04 AM | Simha Sankranti Punya Kala - 05:01 AM to 08:04 AM | Simha Sankranti Maha Punya Kala - 05:54 AM to 08:04 AM,sankramana_engine.py,SANKRAMANA_V2_1_CITY_CONTEXT_THEN_DISCOVERY_URL
geoname:1271476,geoname:1271476|city:guwahati,Guwahati,Assam,India,Asia/Kolkata,1271476,SANKRAMANA,Simha Sankranti,SANKRAMANA,DRIK_SANKRAMANA_DETAIL,2026-08-17,COMPLETE,2026-08-17,OBSERVANCE,Simha Sankranti,Simha Sankranti Moment - 08:04 AM | Simha Sankranti Punya Kala - 04:56 AM to 08:04 AM | Simha Sankranti Maha Punya Kala - 05:53 AM to 08:04 AM,,Simha Sankranti. Simha Sankranti Moment - 08:04 AM | Simha Sankranti Punya Kala - 04:56 AM to 08:04 AM | Simha Sankranti Maha Punya Kala - 05:53 AM to 08:04 AM,sankramana_engine.py,SANKRAMANA_V2_1_CITY_CONTEXT_THEN_DISCOVERY_URL
geoname:1256525,geoname:1256525|city:shiliguri,Shiliguri,West Bengal,India,Asia/Kolkata,1256525,SANKRAMANA,Simha Sankranti,SANKRAMANA,DRIK_SANKRAMANA_DETAIL,2026-08-17,COMPLETE,2026-08-17,OBSERVANCE,Simha Sankranti,Simha Sankranti Moment - 08:04 AM | Simha Sankranti Punya Kala - 05:09 AM to 08:04 AM | Simha Sankranti Maha Punya Kala - 05:53 AM to 08:04 AM,,Simha Sankranti. Simha Sankranti Moment - 08:04 AM | Simha Sankranti Punya Kala - 05:09 AM to 08:04 AM | Simha Sankranti Maha Punya Kala - 05:53 AM to 08:04 AM,sankramana_engine.py,SANKRAMANA_V2_1_CITY_CONTEXT_THEN_DISCOVERY_URL
geoname:1279186,geoname:1279186|city:aizawl,Aizawl,Mizoram,India,Asia/Kolkata,1279186,SANKRAMANA,Simha Sankranti,SANKRAMANA,DRIK_SANKRAMANA_DETAIL,2026-08-17,COMPLETE,2026-08-17,OBSERVANCE,Simha Sankranti,Simha Sankranti Moment - 08:04 AM | Simha Sankranti Punya Kala - 04:55 AM to 08:04 AM | Simha Sankranti Maha Punya Kala - 05:54 AM to 08:04 AM,,Simha Sankranti. Simha Sankranti Moment - 08:04 AM | Simha Sankranti Punya Kala - 04:55 AM to 08:04 AM | Simha Sankranti Maha Punya Kala - 05:54 AM to 08:04 AM,sankramana_engine.py,SANKRAMANA_V2_1_CITY_CONTEXT_THEN_DISCOVERY_URL
geoname:1271631,geoname:1271631|city:gangtok,Gangtok,Sikkim,India,Asia/Kolkata,1271631,SANKRAMANA,Simha Sankranti,SANKRAMANA,DRIK_SANKRAMANA_DETAIL,2026-08-17,COMPLETE,2026-08-17,OBSERVANCE,Simha Sankranti,Simha Sankranti Moment - 08:04 AM | Simha Sankranti Punya Kala - 05:07 AM to 08:04 AM | Simha Sankranti Maha Punya Kala - 05:53 AM to 08:04 AM,,Simha Sankranti. Simha Sankranti Moment - 08:04 AM | Simha Sankranti Punya Kala - 05:07 AM to 08:04 AM | Simha Sankranti Maha Punya Kala - 05:53 AM to 08:04 AM,sankramana_engine.py,SANKRAMANA_V2_1_CITY_CONTEXT_THEN_DISCOVERY_URL
geoname:1256287,geoname:1256287|city:silchar,Silchar,Assam,India,Asia/Kolkata,1256287,SANKRAMANA,Simha Sankranti,SANKRAMANA,DRIK_SANKRAMANA_DETAIL,2026-08-17,COMPLETE,2026-08-17,OBSERVANCE,Simha Sankranti,Simha Sankranti Moment - 08:04 AM | Simha Sankranti Punya Kala - 04:54 AM to 08:04 AM | Simha Sankranti Maha Punya Kala - 05:54 AM to 08:04 AM,,Simha Sankranti. Simha Sankranti Moment - 08:04 AM | Simha Sankranti Punya Kala - 04:54 AM to 08:04 AM | Simha Sankranti Maha Punya Kala - 05:54 AM to 08:04 AM,sankramana_engine.py,SANKRAMANA_V2_1_CITY_CONTEXT_THEN_DISCOVERY_URL
geoname:1272648,geoname:1272648|city:dibrugarh,Dibrugarh,Assam,India,Asia/Kolkata,1272648,SANKRAMANA,Simha Sankranti,SANKRAMANA,DRIK_SANKRAMANA_DETAIL,2026-08-17,COMPLETE,2026-08-17,OBSERVANCE,Simha Sankranti,Simha Sankranti Moment - 08:04 AM | Simha Sankranti Punya Kala - 04:42 AM to 08:04 AM | Simha Sankranti Maha Punya Kala - 05:53 AM to 08:04 AM,,Simha Sankranti. Simha Sankranti Moment - 08:04 AM | Simha Sankranti Punya Kala - 04:42 AM to 08:04 AM | Simha Sankranti Maha Punya Kala - 05:53 AM to 08:04 AM,sankramana_engine.py,SANKRAMANA_V2_1_CITY_CONTEXT_THEN_DISCOVERY_URL
geoname:1269771,geoname:1269771|city:imphal,Imphal,Manipur,India,Asia/Kolkata,1269771,SANKRAMANA,Simha Sankranti,SANKRAMANA,DRIK_SANKRAMANA_DETAIL,2026-08-17,COMPLETE,2026-08-17,OBSERVANCE,Simha Sankranti,Simha Sankranti Moment - 08:04 AM | Simha Sankranti Punya Kala - 04:49 AM to 08:04 AM | Simha Sankranti Maha Punya Kala - 05:54 AM to 08:04 AM,,Simha Sankranti. Simha Sankranti Moment - 08:04 AM | Simha Sankranti Punya Kala - 04:49 AM to 08:04 AM | Simha Sankranti Maha Punya Kala - 05:54 AM to 08:04 AM,sankramana_engine.py,SANKRAMANA_V2_1_CITY_CONTEXT_THEN_DISCOVERY_URL
geoname:1272552,geoname:1272552|city:dimapur,Dimapur,Nagaland,India,Asia/Kolkata,1272552,SANKRAMANA,Simha Sankranti,SANKRAMANA,DRIK_SANKRAMANA_DETAIL,2026-08-17,COMPLETE,2026-08-17,OBSERVANCE,Simha Sankranti,Simha Sankranti Moment - 08:04 AM | Simha Sankranti Punya Kala - 04:49 AM to 08:04 AM | Simha Sankranti Maha Punya Kala - 05:54 AM to 08:04 AM,,Simha Sankranti. Simha Sankranti Moment - 08:04 AM | Simha Sankranti Punya Kala - 04:49 AM to 08:04 AM | Simha Sankranti Maha Punya Kala - 05:54 AM to 08:04 AM,sankramana_engine.py,SANKRAMANA_V2_1_CITY_CONTEXT_THEN_DISCOVERY_URL
geoname:1269655,geoname:1269655|city:itanagar,Itanagar,Arunachal Pradesh,India,Asia/Kolkata,1269655,SANKRAMANA,Simha Sankranti,SANKRAMANA,DRIK_SANKRAMANA_DETAIL,2026-08-17,COMPLETE,2026-08-17,OBSERVANCE,Simha Sankranti,Simha Sankranti Moment - 08:04 AM | Simha Sankranti Punya Kala - 04:48 AM to 08:04 AM | Simha Sankranti Maha Punya Kala - 05:53 AM to 08:04 AM,,Simha Sankranti. Simha Sankranti Moment - 08:04 AM | Simha Sankranti Punya Kala - 04:48 AM to 08:04 AM | Simha Sankranti Maha Punya Kala - 05:53 AM to 08:04 AM,sankramana_engine.py,SANKRAMANA_V2_1_CITY_CONTEXT_THEN_DISCOVERY_URL
geoname:1264521,geoname:1264521|city:madurai,Madurai,Tamil Nadu,India,Asia/Kolkata,1264521,SANKRAMANA,Simha Sankranti,SANKRAMANA,DRIK_SANKRAMANA_DETAIL,2026-08-17,COMPLETE,2026-08-17,OBSERVANCE,Simha Sankranti,Simha Sankranti Moment - 08:04 AM | Simha Sankranti Punya Kala - 06:09 AM to 08:04 AM | Simha Sankranti Maha Punya Kala - 06:09 AM to 08:04 AM,,Simha Sankranti. Simha Sankranti Moment - 08:04 AM | Simha Sankranti Punya Kala - 06:09 AM to 08:04 AM | Simha Sankranti Maha Punya Kala - 06:09 AM to 08:04 AM,sankramana_engine.py,SANKRAMANA_V2_1_CITY_CONTEXT_THEN_DISCOVERY_URL
geoname:1265683,geoname:1265683|city:kumbakonam,Kumbakonam,Tamil Nadu,India,Asia/Kolkata,1265683,SANKRAMANA,Simha Sankranti,SANKRAMANA,DRIK_SANKRAMANA_DETAIL,2026-08-17,COMPLETE,2026-08-17,OBSERVANCE,Simha Sankranti,Simha Sankranti Moment - 08:04 AM | Simha Sankranti Punya Kala - 06:02 AM to 08:04 AM | Simha Sankranti Maha Punya Kala - 06:02 AM to 08:04 AM,,Simha Sankranti. Simha Sankranti Moment - 08:04 AM | Simha Sankranti Punya Kala - 06:02 AM to 08:04 AM | Simha Sankranti Maha Punya Kala - 06:02 AM to 08:04 AM,sankramana_engine.py,SANKRAMANA_V2_1_CITY_CONTEXT_THEN_DISCOVERY_URL
geoname:1274256,geoname:1274256|city:chidambaram,Chidambaram,Tamil Nadu,India,Asia/Kolkata,1274256,SANKRAMANA,Simha Sankranti,SANKRAMANA,DRIK_SANKRAMANA_DETAIL,2026-08-17,COMPLETE,2026-08-17,OBSERVANCE,Simha Sankranti,Simha Sankranti Moment - 08:04 AM | Simha Sankranti Punya Kala - 06:01 AM to 08:04 AM | Simha Sankranti Maha Punya Kala - 06:01 AM to 08:04 AM,,Simha Sankranti. Simha Sankranti Moment - 08:04 AM | Simha Sankranti Punya Kala - 06:01 AM to 08:04 AM | Simha Sankranti Maha Punya Kala - 06:01 AM to 08:04 AM,sankramana_engine.py,SANKRAMANA_V2_1_CITY_CONTEXT_THEN_DISCOVERY_URL
geoname:1268159,geoname:1268159|city:kanchipuram,Kanchipuram,Tamil Nadu,India,Asia/Kolkata,1268159,SANKRAMANA,Simha Sankranti,SANKRAMANA,DRIK_SANKRAMANA_DETAIL,2026-08-17,COMPLETE,2026-08-17,OBSERVANCE,Simha Sankranti,Simha Sankranti Moment - 08:04 AM | Simha Sankranti Punya Kala - 05:59 AM to 08:04 AM | Simha Sankranti Maha Punya Kala - 05:59 AM to 08:04 AM,,Simha Sankranti. Simha Sankranti Moment - 08:04 AM | Simha Sankranti Punya Kala - 05:59 AM to 08:04 AM | Simha Sankranti Maha Punya Kala - 05:59 AM to 08:04 AM,sankramana_engine.py,SANKRAMANA_V2_1_CITY_CONTEXT_THEN_DISCOVERY_URL
geoname:1254388,geoname:1254388|city:srirangam,Srirangam,Tamil Nadu,India,Asia/Kolkata,1254388,SANKRAMANA,Simha Sankranti,SANKRAMANA,DRIK_SANKRAMANA_DETAIL,2026-08-17,COMPLETE,2026-08-17,OBSERVANCE,Simha Sankranti,Simha Sankranti Moment - 08:04 AM | Simha Sankranti Punya Kala - 06:05 AM to 08:04 AM | Simha Sankranti Maha Punya Kala - 06:05 AM to 08:04 AM,,Simha Sankranti. Simha Sankranti Moment - 08:04 AM | Simha Sankranti Punya Kala - 06:05 AM to 08:04 AM | Simha Sankranti Maha Punya Kala - 06:05 AM to 08:04 AM,sankramana_engine.py,SANKRAMANA_V2_1_CITY_CONTEXT_THEN_DISCOVERY_URL
geoname:1270603,geoname:1270603|city:guruvayur,Guruvayur,Kerala,India,Asia/Kolkata,1270603,SANKRAMANA,Simha Sankranti,SANKRAMANA,DRIK_SANKRAMANA_DETAIL,2026-08-17,COMPLETE,2026-08-17,OBSERVANCE,Simha Sankranti,Simha Sankranti Moment - 08:04 AM | Simha Sankranti Punya Kala - 06:16 AM to 08:04 AM | Simha Sankranti Maha Punya Kala - 06:16 AM to 08:04 AM,,Simha Sankranti. Simha Sankranti Moment - 08:04 AM | Simha Sankranti Punya Kala - 06:16 AM to 08:04 AM | Simha Sankranti Maha Punya Kala - 06:16 AM to 08:04 AM,sankramana_engine.py,SANKRAMANA_V2_1_CITY_CONTEXT_THEN_DISCOVERY_URL
geoname:1260546,geoname:1260546|city:pandharpur,Pandharpur,Maharashtra,India,Asia/Kolkata,1260546,SANKRAMANA,Simha Sankranti,SANKRAMANA,DRIK_SANKRAMANA_DETAIL,2026-08-17,COMPLETE,2026-08-17,OBSERVANCE,Simha Sankranti,Simha Sankranti Moment - 08:04 AM | Simha Sankranti Punya Kala - 06:12 AM to 08:04 AM | Simha Sankranti Maha Punya Kala - 06:12 AM to 08:04 AM,,Simha Sankranti. Simha Sankranti Moment - 08:04 AM | Simha Sankranti Punya Kala - 06:12 AM to 08:04 AM | Simha Sankranti Maha Punya Kala - 06:12 AM to 08:04 AM,sankramana_engine.py,SANKRAMANA_V2_1_CITY_CONTEXT_THEN_DISCOVERY_URL
geoname:1266285,geoname:1266285|city:kolhapur,Kolhapur,Maharashtra,India,Asia/Kolkata,1266285,SANKRAMANA,Simha Sankranti,SANKRAMANA,DRIK_SANKRAMANA_DETAIL,2026-08-17,COMPLETE,2026-08-17,OBSERVANCE,Simha Sankranti,Simha Sankranti Moment - 08:04 AM | Simha Sankranti Punya Kala - 06:17 AM to 08:04 AM | Simha Sankranti Maha Punya Kala - 06:17 AM to 08:04 AM,,Simha Sankranti. Simha Sankranti Moment - 08:04 AM | Simha Sankranti Punya Kala - 06:17 AM to 08:04 AM | Simha Sankranti Maha Punya Kala - 06:17 AM to 08:04 AM,sankramana_engine.py,SANKRAMANA_V2_1_CITY_CONTEXT_THEN_DISCOVERY_URL
geoname:1262180,geoname:1262180|city:nagpur,Nagpur,Maharashtra,India,Asia/Kolkata,1262180,SANKRAMANA,Simha Sankranti,SANKRAMANA,DRIK_SANKRAMANA_DETAIL,2026-08-17,COMPLETE,2026-08-17,OBSERVANCE,Simha Sankranti,Simha Sankranti Moment - 08:04 AM | Simha Sankranti Punya Kala - 05:53 AM to 08:04 AM | Simha Sankranti Maha Punya Kala - 05:55 AM to 08:04 AM,,Simha Sankranti. Simha Sankranti Moment - 08:04 AM | Simha Sankranti Punya Kala - 05:53 AM to 08:04 AM | Simha Sankranti Maha Punya Kala - 05:55 AM to 08:04 AM,sankramana_engine.py,SANKRAMANA_V2_1_CITY_CONTEXT_THEN_DISCOVERY_URL
geoname:1253102,geoname:1253102|city:visakhapatnam,Visakhapatnam,Andra Pradesh,India,Asia/Kolkata,1253102,SANKRAMANA,Simha Sankranti,SANKRAMANA,DRIK_SANKRAMANA_DETAIL,2026-08-17,COMPLETE,2026-08-17,OBSERVANCE,Simha Sankranti,Simha Sankranti Moment - 08:04 AM | Simha Sankranti Punya Kala - 05:40 AM to 08:04 AM | Simha Sankranti Maha Punya Kala - 05:57 AM to 08:04 AM,,Simha Sankranti. Simha Sankranti Moment - 08:04 AM | Simha Sankranti Punya Kala - 05:40 AM to 08:04 AM | Simha Sankranti Maha Punya Kala - 05:57 AM to 08:04 AM,sankramana_engine.py,SANKRAMANA_V2_1_CITY_CONTEXT_THEN_DISCOVERY_URL
geoname:292223,geoname:292223|city:dubai,Dubai,Dubai,United Arab Emirates,Asia/Dubai,292223,SANKRAMANA,Simha Sankranti,SANKRAMANA,DRIK_SANKRAMANA_DETAIL,2026-08-17,COMPLETE,2026-08-17,OBSERVANCE,Simha Sankranti,Simha Sankranti Moment - 06:34 AM | Simha Sankranti Punya Kala - 05:54 AM to 06:34 AM | Simha Sankranti Maha Punya Kala - 05:54 AM to 06:34 AM,,Simha Sankranti. Simha Sankranti Moment - 06:34 AM | Simha Sankranti Punya Kala - 05:54 AM to 06:34 AM | Simha Sankranti Maha Punya Kala - 05:54 AM to 06:34 AM,sankramana_engine.py,SANKRAMANA_V2_1_CITY_CONTEXT_THEN_DISCOVERY_URL
geoname:290030,geoname:290030|city:doha,Doha,Baladīyat ad Dawḩah,Qatar,Asia/Qatar,290030,SANKRAMANA,Simha Sankranti,SANKRAMANA,DRIK_SANKRAMANA_DETAIL,2026-08-17,COMPLETE,2026-08-17,OBSERVANCE,Simha Sankranti,Simha Sankranti Moment - 05:34 AM | Simha Sankranti Punya Kala - 05:08 AM to 05:34 AM | Simha Sankranti Maha Punya Kala - 05:08 AM to 05:34 AM,,Simha Sankranti. Simha Sankranti Moment - 05:34 AM | Simha Sankranti Punya Kala - 05:08 AM to 05:34 AM | Simha Sankranti Maha Punya Kala - 05:08 AM to 05:34 AM,sankramana_engine.py,SANKRAMANA_V2_1_CITY_CONTEXT_THEN_DISCOVERY_URL
geoname:2657896,geoname:2657896|city:zurich,Zurich,Zurich,Switzerland,Europe/Zurich,2657896,SANKRAMANA,Simha Sankranti,SANKRAMANA,DRIK_SANKRAMANA_DETAIL,2026-08-17,COMPLETE,2026-08-17,OBSERVANCE,Simha Sankranti,Simha Sankranti Moment - 04:34 AM | Simha Sankranti Punya Kala - 06:25 AM to 01:29 PM | Simha Sankranti Maha Punya Kala - 06:25 AM to 08:46 AM,,Simha Sankranti. Simha Sankranti Moment - 04:34 AM | Simha Sankranti Punya Kala - 06:25 AM to 01:29 PM | Simha Sankranti Maha Punya Kala - 06:25 AM to 08:46 AM,sankramana_engine.py,SANKRAMANA_V2_1_CITY_CONTEXT_THEN_DISCOVERY_URL
geoname:2928751,geoname:2928751|city:esslingen,Esslingen,Esslingen,Germany,Europe/Berlin,2928751,SANKRAMANA,Simha Sankranti,SANKRAMANA,DRIK_SANKRAMANA_DETAIL,2026-08-17,COMPLETE,2026-08-17,OBSERVANCE,Simha Sankranti,Simha Sankranti Moment - 04:34 AM | Simha Sankranti Punya Kala - 06:18 AM to 01:26 PM | Simha Sankranti Maha Punya Kala - 06:18 AM to 08:41 AM,,Simha Sankranti. Simha Sankranti Moment - 04:34 AM | Simha Sankranti Punya Kala - 06:18 AM to 01:26 PM | Simha Sankranti Maha Punya Kala - 06:18 AM to 08:41 AM,sankramana_engine.py,SANKRAMANA_V2_1_CITY_CONTEXT_THEN_DISCOVERY_URL
geoname:1278094,geoname:1278094|city:ayodhya,Ayodhya,Uttar Pradesh,India,Asia/Kolkata,1278094,SANKRAMANA,Simha Sankranti,SANKRAMANA,DRIK_SANKRAMANA_DETAIL,2026-08-17,COMPLETE,2026-08-17,OBSERVANCE,Simha Sankranti,Simha Sankranti Moment - 08:04 AM | Simha Sankranti Punya Kala - 05:34 AM to 08:04 AM | Simha Sankranti Maha Punya Kala - 05:53 AM to 08:04 AM,,Simha Sankranti. Simha Sankranti Moment - 08:04 AM | Simha Sankranti Punya Kala - 05:34 AM to 08:04 AM | Simha Sankranti Maha Punya Kala - 05:53 AM to 08:04 AM,sankramana_engine.py,SANKRAMANA_V2_1_CITY_CONTEXT_THEN_DISCOVERY_URL
geoname:5131614,geoname:5131614|city:pittsford,Pittsford,New York,United States,America/New_York,5131614,SANKRAMANA,Simha Sankranti,SANKRAMANA,DRIK_SANKRAMANA_DETAIL,2026-08-16,COMPLETE,2026-08-16,OBSERVANCE,Simha Sankranti,Simha Sankranti Moment - 10:34 PM | Simha Sankranti Punya Kala - 01:14 PM to 08:11 PM | Simha Sankranti Maha Punya Kala - 05:52 PM to 08:11 PM,,Simha Sankranti. Simha Sankranti Moment - 10:34 PM | Simha Sankranti Punya Kala - 01:14 PM to 08:11 PM | Simha Sankranti Maha Punya Kala - 05:52 PM to 08:11 PM,sankramana_engine.py,SANKRAMANA_V2_1_CITY_CONTEXT_THEN_DISCOVERY_URL
geoname:5119251,geoname:5119251|city:greece,Greece,New York,United States,America/New_York,5119251,SANKRAMANA,Simha Sankranti,SANKRAMANA,DRIK_SANKRAMANA_DETAIL,2026-08-16,COMPLETE,2026-08-16,OBSERVANCE,Simha Sankranti,Simha Sankranti Moment - 10:34 PM | Simha Sankranti Punya Kala - 01:15 PM to 08:12 PM | Simha Sankranti Maha Punya Kala - 05:53 PM to 08:12 PM,,Simha Sankranti. Simha Sankranti Moment - 10:34 PM | Simha Sankranti Punya Kala - 01:15 PM to 08:12 PM | Simha Sankranti Maha Punya Kala - 05:53 PM to 08:12 PM,sankramana_engine.py,SANKRAMANA_V2_1_CITY_CONTEXT_THEN_DISCOVERY_URL
geoname:5140405,geoname:5140405|city:syracuse,Syracuse,New York,United States,America/New_York,5140405,SANKRAMANA,Simha Sankranti,SANKRAMANA,DRIK_SANKRAMANA_DETAIL,2026-08-16,COMPLETE,2026-08-16,OBSERVANCE,Simha Sankranti,Simha Sankranti Moment - 10:34 PM | Simha Sankranti Punya Kala - 01:09 PM to 08:05 PM | Simha Sankranti Maha Punya Kala - 05:46 PM to 08:05 PM,,Simha Sankranti. Simha Sankranti Moment - 10:34 PM | Simha Sankranti Punya Kala - 01:09 PM to 08:05 PM | Simha Sankranti Maha Punya Kala - 05:46 PM to 08:05 PM,sankramana_engine.py,SANKRAMANA_V2_1_CITY_CONTEXT_THEN_DISCOVERY_URL
geoname:4256038,geoname:4256038|city:columbus,Columbus,Indiana,United States,America/Indiana/Indianapolis,4256038,SANKRAMANA,Simha Sankranti,SANKRAMANA,DRIK_SANKRAMANA_DETAIL,2026-08-16,COMPLETE,2026-08-16,OBSERVANCE,Simha Sankranti,Simha Sankranti Moment - 10:34 PM | Simha Sankranti Punya Kala - 01:48 PM to 08:37 PM | Simha Sankranti Maha Punya Kala - 06:21 PM to 08:37 PM,,Simha Sankranti. Simha Sankranti Moment - 10:34 PM | Simha Sankranti Punya Kala - 01:48 PM to 08:37 PM | Simha Sankranti Maha Punya Kala - 06:21 PM to 08:37 PM,sankramana_engine.py,SANKRAMANA_V2_1_CITY_CONTEXT_THEN_DISCOVERY_URL
geoname:4487042,geoname:4487042|city:raleigh,Raleigh,North Carolina,United States,America/New_York,4487042,SANKRAMANA,Simha Sankranti,SANKRAMANA,DRIK_SANKRAMANA_DETAIL,2026-08-16,COMPLETE,2026-08-16,OBSERVANCE,Simha Sankranti,Simha Sankranti Moment - 10:34 PM | Simha Sankranti Punya Kala - 01:19 PM to 08:03 PM | Simha Sankranti Maha Punya Kala - 05:48 PM to 08:03 PM,,Simha Sankranti. Simha Sankranti Moment - 10:34 PM | Simha Sankranti Punya Kala - 01:19 PM to 08:03 PM | Simha Sankranti Maha Punya Kala - 05:48 PM to 08:03 PM,sankramana_engine.py,SANKRAMANA_V2_1_CITY_CONTEXT_THEN_DISCOVERY_URL
geoname:4460243,geoname:4460243|city:charlotte,Charlotte,North Carolina,United States,America/New_York,4460243,SANKRAMANA,Simha Sankranti,SANKRAMANA,DRIK_SANKRAMANA_DETAIL,2026-08-16,COMPLETE,2026-08-16,OBSERVANCE,Simha Sankranti,Simha Sankranti Moment - 10:34 PM | Simha Sankranti Punya Kala - 01:27 PM to 08:11 PM | Simha Sankranti Maha Punya Kala - 05:56 PM to 08:11 PM,,Simha Sankranti. Simha Sankranti Moment - 10:34 PM | Simha Sankranti Punya Kala - 01:27 PM to 08:11 PM | Simha Sankranti Maha Punya Kala - 05:56 PM to 08:11 PM,sankramana_engine.py,SANKRAMANA_V2_1_CITY_CONTEXT_THEN_DISCOVERY_URL
geoname:1277333,geoname:1277333|city:bengaluru,Bengaluru,Karnataka,India,Asia/Kolkata,1277333,SANKRAMANA,Simha Sankranti,SANKRAMANA,DRIK_SANKRAMANA_DETAIL,2026-08-17,COMPLETE,2026-08-17,OBSERVANCE,Simha Sankranti,Simha Sankranti Moment - 08:04 AM | Simha Sankranti Punya Kala - 06:08 AM to 08:04 AM | Simha Sankranti Maha Punya Kala - 06:08 AM to 08:04 AM,,Simha Sankranti. Simha Sankranti Moment - 08:04 AM | Simha Sankranti Punya Kala - 06:08 AM to 08:04 AM | Simha Sankranti Maha Punya Kala - 06:08 AM to 08:04 AM,sankramana_engine.py,SANKRAMANA_V2_1_CITY_CONTEXT_THEN_DISCOVERY_URL
geoname:1262321,geoname:1262321|city:mysuru,Mysuru,Karnataka,India,Asia/Kolkata,1262321,SANKRAMANA,Simha Sankranti,SANKRAMANA,DRIK_SANKRAMANA_DETAIL,2026-08-17,COMPLETE,2026-08-17,OBSERVANCE,Simha Sankranti,Simha Sankranti Moment - 08:04 AM | Simha Sankranti Punya Kala - 06:12 AM to 08:04 AM | Simha Sankranti Maha Punya Kala - 06:12 AM to 08:04 AM,,Simha Sankranti. Simha Sankranti Moment - 08:04 AM | Simha Sankranti Punya Kala - 06:12 AM to 08:04 AM | Simha Sankranti Maha Punya Kala - 06:12 AM to 08:04 AM,sankramana_engine.py,SANKRAMANA_V2_1_CITY_CONTEXT_THEN_DISCOVERY_URL
geoname:1262321,geoname:1262321|city:t_narasipura,T Narasipura,Karnataka,India,Asia/Kolkata,1262321,SANKRAMANA,Simha Sankranti,SANKRAMANA,DRIK_SANKRAMANA_DETAIL,2026-08-17,COMPLETE,2026-08-17,OBSERVANCE,Simha Sankranti,Simha Sankranti Moment - 08:04 AM | Simha Sankranti Punya Kala - 06:12 AM to 08:04 AM | Simha Sankranti Maha Punya Kala - 06:12 AM to 08:04 AM,,Simha Sankranti. Simha Sankranti Moment - 08:04 AM | Simha Sankranti Punya Kala - 06:12 AM to 08:04 AM | Simha Sankranti Maha Punya Kala - 06:12 AM to 08:04 AM,sankramana_engine.py,SANKRAMANA_V2_1_CITY_CONTEXT_THEN_DISCOVERY_URL
geoname:1263780,geoname:1263780|city:mangalore,Mangalore,Karnataka,India,Asia/Kolkata,1263780,SANKRAMANA,Simha Sankranti,SANKRAMANA,DRIK_SANKRAMANA_DETAIL,2026-08-17,COMPLETE,2026-08-17,OBSERVANCE,Simha Sankranti,Simha Sankranti Moment - 08:04 AM | Simha Sankranti Punya Kala - 06:19 AM to 08:04 AM | Simha Sankranti Maha Punya Kala - 06:19 AM to 08:04 AM,,Simha Sankranti. Simha Sankranti Moment - 08:04 AM | Simha Sankranti Punya Kala - 06:19 AM to 08:04 AM | Simha Sankranti Maha Punya Kala - 06:19 AM to 08:04 AM,sankramana_engine.py,SANKRAMANA_V2_1_CITY_CONTEXT_THEN_DISCOVERY_URL
geoname:1253952,geoname:1253952|city:udupi,Udupi,Karnataka,India,Asia/Kolkata,1253952,SANKRAMANA,Simha Sankranti,SANKRAMANA,DRIK_SANKRAMANA_DETAIL,2026-08-17,COMPLETE,2026-08-17,OBSERVANCE,Simha Sankranti,Simha Sankranti Moment - 08:04 AM | Simha Sankranti Punya Kala - 06:19 AM to 08:04 AM | Simha Sankranti Maha Punya Kala - 06:19 AM to 08:04 AM,,Simha Sankranti. Simha Sankranti Moment - 08:04 AM | Simha Sankranti Punya Kala - 06:19 AM to 08:04 AM | Simha Sankranti Maha Punya Kala - 06:19 AM to 08:04 AM,sankramana_engine.py,SANKRAMANA_V2_1_CITY_CONTEXT_THEN_DISCOVERY_URL
geoname:1255364,geoname:1255364|city:surat,Surat,Gujarat,India,Asia/Kolkata,1255364,SANKRAMANA,Simha Sankranti,SANKRAMANA,DRIK_SANKRAMANA_DETAIL,2026-08-17,COMPLETE,2026-08-17,OBSERVANCE,Simha Sankranti,Simha Sankranti Moment - 08:04 AM | Simha Sankranti Punya Kala - 06:18 AM to 08:04 AM | Simha Sankranti Maha Punya Kala - 06:18 AM to 08:04 AM,,Simha Sankranti. Simha Sankranti Moment - 08:04 AM | Simha Sankranti Punya Kala - 06:18 AM to 08:04 AM | Simha Sankranti Maha Punya Kala - 06:18 AM to 08:04 AM,sankramana_engine.py,SANKRAMANA_V2_1_CITY_CONTEXT_THEN_DISCOVERY_URL
geoname:1259229,geoname:1259229|city:pune,Pune,Maharashtra,India,Asia/Kolkata,1259229,SANKRAMANA,Simha Sankranti,SANKRAMANA,DRIK_SANKRAMANA_DETAIL,2026-08-17,COMPLETE,2026-08-17,OBSERVANCE,Simha Sankranti,Simha Sankranti Moment - 08:04 AM | Simha Sankranti Punya Kala - 06:17 AM to 08:04 AM | Simha Sankranti Maha Punya Kala - 06:17 AM to 08:04 AM,,Simha Sankranti. Simha Sankranti Moment - 08:04 AM | Simha Sankranti Punya Kala - 06:17 AM to 08:04 AM | Simha Sankranti Maha Punya Kala - 06:17 AM to 08:04 AM,sankramana_engine.py,SANKRAMANA_V2_1_CITY_CONTEXT_THEN_DISCOVERY_URL
geoname:1253573,geoname:1253573|city:vadodara,Vadodara,Gujarat,India,Asia/Kolkata,1253573,SANKRAMANA,Simha Sankranti,SANKRAMANA,DRIK_SANKRAMANA_DETAIL,2026-08-17,COMPLETE,2026-08-17,OBSERVANCE,Simha Sankranti,Simha Sankranti Moment - 08:04 AM | Simha Sankranti Punya Kala - 06:15 AM to 08:04 AM | Simha Sankranti Maha Punya Kala - 06:15 AM to 08:04 AM,,Simha Sankranti. Simha Sankranti Moment - 08:04 AM | Simha Sankranti Punya Kala - 06:15 AM to 08:04 AM | Simha Sankranti Maha Punya Kala - 06:15 AM to 08:04 AM,sankramana_engine.py,SANKRAMANA_V2_1_CITY_CONTEXT_THEN_DISCOVERY_URL
geoname:1269843,geoname:1269843|city:hyderabad,Hyderabad,Telangana,India,Asia/Kolkata,1269843,SANKRAMANA,Simha Sankranti,SANKRAMANA,DRIK_SANKRAMANA_DETAIL,2026-08-17,COMPLETE,2026-08-17,OBSERVANCE,Simha Sankranti,Simha Sankranti Moment - 08:04 AM | Simha Sankranti Punya Kala - 06:00 AM to 08:04 AM | Simha Sankranti Maha Punya Kala - 06:00 AM to 08:04 AM,,Simha Sankranti. Simha Sankranti Moment - 08:04 AM | Simha Sankranti Punya Kala - 06:00 AM to 08:04 AM | Simha Sankranti Maha Punya Kala - 06:00 AM to 08:04 AM,sankramana_engine.py,SANKRAMANA_V2_1_CITY_CONTEXT_THEN_DISCOVERY_URL
geoname:5134086,geoname:5134086|city:rochester,Rochester,New York,United States,America/New_York,5134086,SANKRAMANA,Simha Sankranti,SANKRAMANA,DRIK_SANKRAMANA_DETAIL,2026-08-16,COMPLETE,2026-08-16,OBSERVANCE,Simha Sankranti,Simha Sankranti Moment - 10:34 PM | Simha Sankranti Punya Kala - 01:14 PM to 08:11 PM | Simha Sankranti Maha Punya Kala - 05:52 PM to 08:11 PM,,Simha Sankranti. Simha Sankranti Moment - 10:34 PM | Simha Sankranti Punya Kala - 01:14 PM to 08:11 PM | Simha Sankranti Maha Punya Kala - 05:52 PM to 08:11 PM,sankramana_engine.py,SANKRAMANA_V2_1_CITY_CONTEXT_THEN_DISCOVERY_URL
geoname:5139865,geoname:5139865|city:stonybrook,Stonybrook,New York,United States,America/New_York,5139865,SANKRAMANA,Simha Sankranti,SANKRAMANA,DRIK_SANKRAMANA_DETAIL,2026-08-16,COMPLETE,2026-08-16,OBSERVANCE,Simha Sankranti,Simha Sankranti Moment - 10:34 PM | Simha Sankranti Punya Kala - 12:57 PM to 07:49 PM | Simha Sankranti Maha Punya Kala - 05:32 PM to 07:49 PM,,Simha Sankranti. Simha Sankranti Moment - 10:34 PM | Simha Sankranti Punya Kala - 12:57 PM to 07:49 PM | Simha Sankranti Maha Punya Kala - 05:32 PM to 07:49 PM,sankramana_engine.py,SANKRAMANA_V2_1_CITY_CONTEXT_THEN_DISCOVERY_URL
geoname:4922462,geoname:4922462|city:lafayette,Lafayette,Indiana,United States,America/Indiana/Indianapolis,4922462,SANKRAMANA,Simha Sankranti,SANKRAMANA,DRIK_SANKRAMANA_DETAIL,2026-08-16,COMPLETE,2026-08-16,OBSERVANCE,Simha Sankranti,Simha Sankranti Moment - 10:34 PM | Simha Sankranti Punya Kala - 01:51 PM to 08:43 PM | Simha Sankranti Maha Punya Kala - 06:26 PM to 08:43 PM,,Simha Sankranti. Simha Sankranti Moment - 10:34 PM | Simha Sankranti Punya Kala - 01:51 PM to 08:43 PM | Simha Sankranti Maha Punya Kala - 06:26 PM to 08:43 PM,sankramana_engine.py,SANKRAMANA_V2_1_CITY_CONTEXT_THEN_DISCOVERY_URL
geoname:4887398,geoname:4887398|city:chicago,Chicago,Illinois,United States,America/Chicago,4887398,SANKRAMANA,Simha Sankranti,SANKRAMANA,DRIK_SANKRAMANA_DETAIL,2026-08-16,COMPLETE,2026-08-16,OBSERVANCE,Simha Sankranti,Simha Sankranti Moment - 09:34 PM | Simha Sankranti Punya Kala - 12:55 PM to 07:49 PM | Simha Sankranti Maha Punya Kala - 05:31 PM to 07:49 PM,,Simha Sankranti. Simha Sankranti Moment - 09:34 PM | Simha Sankranti Punya Kala - 12:55 PM to 07:49 PM | Simha Sankranti Maha Punya Kala - 05:31 PM to 07:49 PM,sankramana_engine.py,SANKRAMANA_V2_1_CITY_CONTEXT_THEN_DISCOVERY_URL
geoname:4684888,geoname:4684888|city:dallas,Dallas,Texas,United States,America/Chicago,4684888,SANKRAMANA,Simha Sankranti,SANKRAMANA,DRIK_SANKRAMANA_DETAIL,2026-08-16,COMPLETE,2026-08-16,OBSERVANCE,Simha Sankranti,Simha Sankranti Moment - 09:34 PM | Simha Sankranti Punya Kala - 01:31 PM to 08:11 PM | Simha Sankranti Maha Punya Kala - 05:58 PM to 08:11 PM,,Simha Sankranti. Simha Sankranti Moment - 09:34 PM | Simha Sankranti Punya Kala - 01:31 PM to 08:11 PM | Simha Sankranti Maha Punya Kala - 05:58 PM to 08:11 PM,sankramana_engine.py,SANKRAMANA_V2_1_CITY_CONTEXT_THEN_DISCOVERY_URL
geoname:4699066,geoname:4699066|city:houston,Houston,Texas,United States,America/Chicago,4699066,SANKRAMANA,Simha Sankranti,SANKRAMANA,DRIK_SANKRAMANA_DETAIL,2026-08-16,COMPLETE,2026-08-16,OBSERVANCE,Simha Sankranti,Simha Sankranti Moment - 09:34 PM | Simha Sankranti Punya Kala - 01:26 PM to 08:01 PM | Simha Sankranti Maha Punya Kala - 05:49 PM to 08:01 PM,,Simha Sankranti. Simha Sankranti Moment - 09:34 PM | Simha Sankranti Punya Kala - 01:26 PM to 08:01 PM | Simha Sankranti Maha Punya Kala - 05:49 PM to 08:01 PM,sankramana_engine.py,SANKRAMANA_V2_1_CITY_CONTEXT_THEN_DISCOVERY_URL
geoname:5308655,geoname:5308655|city:phoenix,Phoenix,Arizona,United States,America/Phoenix,5308655,SANKRAMANA,Simha Sankranti,SANKRAMANA,DRIK_SANKRAMANA_DETAIL,2026-08-16,COMPLETE,2026-08-16,OBSERVANCE,Simha Sankranti,Simha Sankranti Moment - 07:34 PM | Simha Sankranti Punya Kala - 12:32 PM to 07:13 PM | Simha Sankranti Maha Punya Kala - 04:59 PM to 07:13 PM,,Simha Sankranti. Simha Sankranti Moment - 07:34 PM | Simha Sankranti Punya Kala - 12:32 PM to 07:13 PM | Simha Sankranti Maha Punya Kala - 04:59 PM to 07:13 PM,sankramana_engine.py,SANKRAMANA_V2_1_CITY_CONTEXT_THEN_DISCOVERY_URL
geoname:5391959,geoname:5391959|city:san_francisco,San Francisco,California,United States,America/Los_Angeles,5391959,SANKRAMANA,Simha Sankranti,SANKRAMANA,DRIK_SANKRAMANA_DETAIL,2026-08-16,COMPLETE,2026-08-16,OBSERVANCE,Simha Sankranti,Simha Sankranti Moment - 07:34 PM | Simha Sankranti Punya Kala - 12:19 PM to 07:34 PM | Simha Sankranti Maha Punya Kala - 05:18 PM to 07:34 PM,,Simha Sankranti. Simha Sankranti Moment - 07:34 PM | Simha Sankranti Punya Kala - 12:19 PM to 07:34 PM | Simha Sankranti Maha Punya Kala - 05:18 PM to 07:34 PM,sankramana_engine.py,SANKRAMANA_V2_1_CITY_CONTEXT_THEN_DISCOVERY_URL
geoname:5368361,geoname:5368361|city:los_angeles,Los Angeles,California,United States,America/Los_Angeles,5368361,SANKRAMANA,Simha Sankranti,SANKRAMANA,DRIK_SANKRAMANA_DETAIL,2026-08-16,COMPLETE,2026-08-16,OBSERVANCE,Simha Sankranti,Simha Sankranti Moment - 07:34 PM | Simha Sankranti Punya Kala - 12:25 PM to 07:34 PM | Simha Sankranti Maha Punya Kala - 05:20 PM to 07:34 PM,,Simha Sankranti. Simha Sankranti Moment - 07:34 PM | Simha Sankranti Punya Kala - 12:25 PM to 07:34 PM | Simha Sankranti Maha Punya Kala - 05:20 PM to 07:34 PM,sankramana_engine.py,SANKRAMANA_V2_1_CITY_CONTEXT_THEN_DISCOVERY_URL
geoname:5809844,geoname:5809844|city:seattle,Seattle,Washington,United States,America/Los_Angeles,5809844,SANKRAMANA,Simha Sankranti,SANKRAMANA,DRIK_SANKRAMANA_DETAIL,2026-08-16,COMPLETE,2026-08-16,OBSERVANCE,Simha Sankranti,Simha Sankranti Moment - 07:34 PM | Simha Sankranti Punya Kala - 11:59 AM to 07:34 PM | Simha Sankranti Maha Punya Kala - 05:12 PM to 07:34 PM,,Simha Sankranti. Simha Sankranti Moment - 07:34 PM | Simha Sankranti Punya Kala - 11:59 AM to 07:34 PM | Simha Sankranti Maha Punya Kala - 05:12 PM to 07:34 PM,sankramana_engine.py,SANKRAMANA_V2_1_CITY_CONTEXT_THEN_DISCOVERY_URL
geoname:4174757,geoname:4174757|city:tampa,Tampa,Florida,United States,America/New_York,4174757,SANKRAMANA,Simha Sankranti,SANKRAMANA,DRIK_SANKRAMANA_DETAIL,2026-08-16,COMPLETE,2026-08-16,OBSERVANCE,Simha Sankranti,Simha Sankranti Moment - 10:34 PM | Simha Sankranti Punya Kala - 01:34 PM to 08:07 PM | Simha Sankranti Maha Punya Kala - 05:56 PM to 08:07 PM,,Simha Sankranti. Simha Sankranti Moment - 10:34 PM | Simha Sankranti Punya Kala - 01:34 PM to 08:07 PM | Simha Sankranti Maha Punya Kala - 05:56 PM to 08:07 PM,sankramana_engine.py,SANKRAMANA_V2_1_CITY_CONTEXT_THEN_DISCOVERY_URL
geoname:4167147,geoname:4167147|city:orlando,Orlando,Florida,United States,America/New_York,4167147,SANKRAMANA,Simha Sankranti,SANKRAMANA,DRIK_SANKRAMANA_DETAIL,2026-08-16,COMPLETE,2026-08-16,OBSERVANCE,Simha Sankranti,Simha Sankranti Moment - 10:34 PM | Simha Sankranti Punya Kala - 01:30 PM to 08:04 PM | Simha Sankranti Maha Punya Kala - 05:52 PM to 08:04 PM,,Simha Sankranti. Simha Sankranti Moment - 10:34 PM | Simha Sankranti Punya Kala - 01:30 PM to 08:04 PM | Simha Sankranti Maha Punya Kala - 05:52 PM to 08:04 PM,sankramana_engine.py,SANKRAMANA_V2_1_CITY_CONTEXT_THEN_DISCOVERY_URL
geoname:4781708,geoname:4781708|city:richmond,Richmond,Virginia,United States,America/New_York,4781708,SANKRAMANA,Simha Sankranti,SANKRAMANA,DRIK_SANKRAMANA_DETAIL,2026-08-16,COMPLETE,2026-08-16,OBSERVANCE,Simha Sankranti,Simha Sankranti Moment - 10:34 PM | Simha Sankranti Punya Kala - 01:14 PM to 08:01 PM | Simha Sankranti Maha Punya Kala - 05:45 PM to 08:01 PM,,Simha Sankranti. Simha Sankranti Moment - 10:34 PM | Simha Sankranti Punya Kala - 01:14 PM to 08:01 PM | Simha Sankranti Maha Punya Kala - 05:45 PM to 08:01 PM,sankramana_engine.py,SANKRAMANA_V2_1_CITY_CONTEXT_THEN_DISCOVERY_URL
geoname:4347778,geoname:4347778|city:baltimore,Baltimore,Maryland,United States,America/New_York,4347778,SANKRAMANA,Simha Sankranti,SANKRAMANA,DRIK_SANKRAMANA_DETAIL,2026-08-16,COMPLETE,2026-08-16,OBSERVANCE,Simha Sankranti,Simha Sankranti Moment - 10:34 PM | Simha Sankranti Punya Kala - 01:10 PM to 08:00 PM | Simha Sankranti Maha Punya Kala - 05:44 PM to 08:00 PM,,Simha Sankranti. Simha Sankranti Moment - 10:34 PM | Simha Sankranti Punya Kala - 01:10 PM to 08:00 PM | Simha Sankranti Maha Punya Kala - 05:44 PM to 08:00 PM,sankramana_engine.py,SANKRAMANA_V2_1_CITY_CONTEXT_THEN_DISCOVERY_URL
geoname:4560349,geoname:4560349|city:philadelphia,Philadelphia,Pennsylvania,United States,America/New_York,4560349,SANKRAMANA,Simha Sankranti,SANKRAMANA,DRIK_SANKRAMANA_DETAIL,2026-08-16,COMPLETE,2026-08-16,OBSERVANCE,Simha Sankranti,Simha Sankranti Moment - 10:34 PM | Simha Sankranti Punya Kala - 01:05 PM to 07:56 PM | Simha Sankranti Maha Punya Kala - 05:39 PM to 07:56 PM,,Simha Sankranti. Simha Sankranti Moment - 10:34 PM | Simha Sankranti Punya Kala - 01:05 PM to 07:56 PM | Simha Sankranti Maha Punya Kala - 05:39 PM to 07:56 PM,sankramana_engine.py,SANKRAMANA_V2_1_CITY_CONTEXT_THEN_DISCOVERY_URL
geoname:5128581,geoname:5128581|city:new_york,New York,New York,United States,America/New_York,5128581,SANKRAMANA,Simha Sankranti,SANKRAMANA,DRIK_SANKRAMANA_DETAIL,2026-08-16,COMPLETE,2026-08-16,OBSERVANCE,Simha Sankranti,Simha Sankranti Moment - 10:34 PM | Simha Sankranti Punya Kala - 01:00 PM to 07:53 PM | Simha Sankranti Maha Punya Kala - 05:35 PM to 07:53 PM,,Simha Sankranti. Simha Sankranti Moment - 10:34 PM | Simha Sankranti Punya Kala - 01:00 PM to 07:53 PM | Simha Sankranti Maha Punya Kala - 05:35 PM to 07:53 PM,sankramana_engine.py,SANKRAMANA_V2_1_CITY_CONTEXT_THEN_DISCOVERY_URL
geoname:5099836,geoname:5099836|city:new_jersey,New Jersey,New Jersey,United States,America/New_York,5099836,SANKRAMANA,Simha Sankranti,SANKRAMANA,DRIK_SANKRAMANA_DETAIL,2026-08-16,COMPLETE,2026-08-16,OBSERVANCE,Simha Sankranti,Simha Sankranti Moment - 10:34 PM | Simha Sankranti Punya Kala - 01:00 PM to 07:53 PM | Simha Sankranti Maha Punya Kala - 05:35 PM to 07:53 PM,,Simha Sankranti. Simha Sankranti Moment - 10:34 PM | Simha Sankranti Punya Kala - 01:00 PM to 07:53 PM | Simha Sankranti Maha Punya Kala - 05:35 PM to 07:53 PM,sankramana_engine.py,SANKRAMANA_V2_1_CITY_CONTEXT_THEN_DISCOVERY_URL
geoname:5110629,geoname:5110629|city:buffalo,Buffalo,New York,United States,America/New_York,5110629,SANKRAMANA,Simha Sankranti,SANKRAMANA,DRIK_SANKRAMANA_DETAIL,2026-08-16,COMPLETE,2026-08-16,OBSERVANCE,Simha Sankranti,Simha Sankranti Moment - 10:34 PM | Simha Sankranti Punya Kala - 01:19 PM to 08:16 PM | Simha Sankranti Maha Punya Kala - 05:57 PM to 08:16 PM,,Simha Sankranti. Simha Sankranti Moment - 10:34 PM | Simha Sankranti Punya Kala - 01:19 PM to 08:16 PM | Simha Sankranti Maha Punya Kala - 05:57 PM to 08:16 PM,sankramana_engine.py,SANKRAMANA_V2_1_CITY_CONTEXT_THEN_DISCOVERY_URL
geoname:5150529,geoname:5150529|city:cleveland,Cleveland,Ohio,United States,America/New_York,5150529,SANKRAMANA,Simha Sankranti,SANKRAMANA,DRIK_SANKRAMANA_DETAIL,2026-08-16,COMPLETE,2026-08-16,OBSERVANCE,Simha Sankranti,Simha Sankranti Moment - 10:34 PM | Simha Sankranti Punya Kala - 01:31 PM to 08:25 PM | Simha Sankranti Maha Punya Kala - 06:07 PM to 08:25 PM,,Simha Sankranti. Simha Sankranti Moment - 10:34 PM | Simha Sankranti Punya Kala - 01:31 PM to 08:25 PM | Simha Sankranti Maha Punya Kala - 06:07 PM to 08:25 PM,sankramana_engine.py,SANKRAMANA_V2_1_CITY_CONTEXT_THEN_DISCOVERY_URL
geoname:4509177,geoname:4509177|city:columbus,Columbus,Ohio,United States,America/New_York,4509177,SANKRAMANA,Simha Sankranti,SANKRAMANA,DRIK_SANKRAMANA_DETAIL,2026-08-16,COMPLETE,2026-08-16,OBSERVANCE,Simha Sankranti,Simha Sankranti Moment - 10:34 PM | Simha Sankranti Punya Kala - 01:36 PM to 08:27 PM | Simha Sankranti Maha Punya Kala - 06:10 PM to 08:27 PM,,Simha Sankranti. Simha Sankranti Moment - 10:34 PM | Simha Sankranti Punya Kala - 01:36 PM to 08:27 PM | Simha Sankranti Maha Punya Kala - 06:10 PM to 08:27 PM,sankramana_engine.py,SANKRAMANA_V2_1_CITY_CONTEXT_THEN_DISCOVERY_URL
geoname:4508722,geoname:4508722|city:cincinnati,Cincinnati,Ohio,United States,America/New_York,4508722,SANKRAMANA,Simha Sankranti,SANKRAMANA,DRIK_SANKRAMANA_DETAIL,2026-08-16,COMPLETE,2026-08-16,OBSERVANCE,Simha Sankranti,Simha Sankranti Moment - 10:34 PM | Simha Sankranti Punya Kala - 01:42 PM to 08:32 PM | Simha Sankranti Maha Punya Kala - 06:15 PM to 08:32 PM,,Simha Sankranti. Simha Sankranti Moment - 10:34 PM | Simha Sankranti Punya Kala - 01:42 PM to 08:32 PM | Simha Sankranti Maha Punya Kala - 06:15 PM to 08:32 PM,sankramana_engine.py,SANKRAMANA_V2_1_CITY_CONTEXT_THEN_DISCOVERY_URL
geoname:4634946,geoname:4634946|city:knoxville,Knoxville,Tennessee,United States,America/New_York,4634946,SANKRAMANA,Simha Sankranti,SANKRAMANA,DRIK_SANKRAMANA_DETAIL,2026-08-16,COMPLETE,2026-08-16,OBSERVANCE,Simha Sankranti,Simha Sankranti Moment - 10:34 PM | Simha Sankranti Punya Kala - 01:40 PM to 08:24 PM | Simha Sankranti Maha Punya Kala - 06:09 PM to 08:24 PM,,Simha Sankranti. Simha Sankranti Moment - 10:34 PM | Simha Sankranti Punya Kala - 01:40 PM to 08:24 PM | Simha Sankranti Maha Punya Kala - 06:09 PM to 08:24 PM,sankramana_engine.py,SANKRAMANA_V2_1_CITY_CONTEXT_THEN_DISCOVERY_URL
geoname:4644585,geoname:4644585|city:nashville,Nashville,Tennessee,United States,America/Chicago,4644585,SANKRAMANA,Simha Sankranti,SANKRAMANA,DRIK_SANKRAMANA_DETAIL,2026-08-16,COMPLETE,2026-08-16,OBSERVANCE,Simha Sankranti,Simha Sankranti Moment - 09:34 PM | Simha Sankranti Punya Kala - 12:51 PM to 07:36 PM | Simha Sankranti Maha Punya Kala - 05:21 PM to 07:36 PM,,Simha Sankranti. Simha Sankranti Moment - 09:34 PM | Simha Sankranti Punya Kala - 12:51 PM to 07:36 PM | Simha Sankranti Maha Punya Kala - 05:21 PM to 07:36 PM,sankramana_engine.py,SANKRAMANA_V2_1_CITY_CONTEXT_THEN_DISCOVERY_URL
geoname:5383527,geoname:5383527|city:placentia,Placentia,California,United States,America/Los_Angeles,5383527,SANKRAMANA,Simha Sankranti,SANKRAMANA,DRIK_SANKRAMANA_DETAIL,2026-08-16,COMPLETE,2026-08-16,OBSERVANCE,Simha Sankranti,Simha Sankranti Moment - 07:34 PM | Simha Sankranti Punya Kala - 12:26 PM to 07:34 PM | Simha Sankranti Maha Punya Kala - 05:20 PM to 07:34 PM,,Simha Sankranti. Simha Sankranti Moment - 07:34 PM | Simha Sankranti Punya Kala - 12:26 PM to 07:34 PM | Simha Sankranti Maha Punya Kala - 05:20 PM to 07:34 PM,sankramana_engine.py,SANKRAMANA_V2_1_CITY_CONTEXT_THEN_DISCOVERY_URL
geoname:4180439,geoname:4180439|city:atlanta,Atlanta,Georgia,United States,America/New_York,4180439,SANKRAMANA,Simha Sankranti,SANKRAMANA,DRIK_SANKRAMANA_DETAIL,2026-08-16,COMPLETE,2026-08-16,OBSERVANCE,Simha Sankranti,Simha Sankranti Moment - 10:34 PM | Simha Sankranti Punya Kala - 01:42 PM to 08:23 PM | Simha Sankranti Maha Punya Kala - 06:09 PM to 08:23 PM,,Simha Sankranti. Simha Sankranti Moment - 10:34 PM | Simha Sankranti Punya Kala - 01:42 PM to 08:23 PM | Simha Sankranti Maha Punya Kala - 06:09 PM to 08:23 PM,sankramana_engine.py,SANKRAMANA_V2_1_CITY_CONTEXT_THEN_DISCOVERY_URL
geoname:1264527,geoname:1264527|city:chennai,Chennai,Tamil Nadu,India,Asia/Kolkata,1264527,SANKRAMANA,Simha Sankranti,SANKRAMANA,DRIK_SANKRAMANA_DETAIL,2026-08-17,COMPLETE,2026-08-17,OBSERVANCE,Simha Sankranti,Simha Sankranti Moment - 08:04 AM | Simha Sankranti Punya Kala - 05:57 AM to 08:04 AM | Simha Sankranti Maha Punya Kala - 05:58 AM to 08:04 AM,,Simha Sankranti. Simha Sankranti Moment - 08:04 AM | Simha Sankranti Punya Kala - 05:57 AM to 08:04 AM | Simha Sankranti Maha Punya Kala - 05:58 AM to 08:04 AM,sankramana_engine.py,SANKRAMANA_V2_1_CITY_CONTEXT_THEN_DISCOVERY_URL
geoname:1254163,geoname:1254163|city:thiruvananthapuram,Thiruvananthapuram,Kerala,India,Asia/Kolkata,1254163,SANKRAMANA,Simha Sankranti,SANKRAMANA,DRIK_SANKRAMANA_DETAIL,2026-08-17,COMPLETE,2026-08-17,OBSERVANCE,Simha Sankranti,Simha Sankranti Moment - 08:04 AM | Simha Sankranti Punya Kala - 06:15 AM to 08:04 AM | Simha Sankranti Maha Punya Kala - 06:15 AM to 08:04 AM,,Simha Sankranti. Simha Sankranti Moment - 08:04 AM | Simha Sankranti Punya Kala - 06:15 AM to 08:04 AM | Simha Sankranti Maha Punya Kala - 06:15 AM to 08:04 AM,sankramana_engine.py,SANKRAMANA_V2_1_CITY_CONTEXT_THEN_DISCOVERY_URL
geoname:1275339,geoname:1275339|city:mumbai,Mumbai,Maharashtra,India,Asia/Kolkata,1275339,SANKRAMANA,Simha Sankranti,SANKRAMANA,DRIK_SANKRAMANA_DETAIL,2026-08-17,COMPLETE,2026-08-17,OBSERVANCE,Simha Sankranti,Simha Sankranti Moment - 08:04 AM | Simha Sankranti Punya Kala - 06:20 AM to 08:04 AM | Simha Sankranti Maha Punya Kala - 06:20 AM to 08:04 AM,,Simha Sankranti. Simha Sankranti Moment - 08:04 AM | Simha Sankranti Punya Kala - 06:20 AM to 08:04 AM | Simha Sankranti Maha Punya Kala - 06:20 AM to 08:04 AM,sankramana_engine.py,SANKRAMANA_V2_1_CITY_CONTEXT_THEN_DISCOVERY_URL
geoname:1275004,geoname:1275004|city:kolkata,Kolkata,West Bengal,India,Asia/Kolkata,1275004,SANKRAMANA,Simha Sankranti,SANKRAMANA,DRIK_SANKRAMANA_DETAIL,2026-08-17,COMPLETE,2026-08-17,OBSERVANCE,Simha Sankranti,Simha Sankranti Moment - 08:04 AM | Simha Sankranti Punya Kala - 05:14 AM to 08:04 AM | Simha Sankranti Maha Punya Kala - 05:55 AM to 08:04 AM,,Simha Sankranti. Simha Sankranti Moment - 08:04 AM | Simha Sankranti Punya Kala - 05:14 AM to 08:04 AM | Simha Sankranti Maha Punya Kala - 05:55 AM to 08:04 AM,sankramana_engine.py,SANKRAMANA_V2_1_CITY_CONTEXT_THEN_DISCOVERY_URL
geoname:1275817,geoname:1275817|city:bhubaneswar,Bhubaneswar,Odisha,India,Asia/Kolkata,1275817,SANKRAMANA,Simha Sankranti,SANKRAMANA,DRIK_SANKRAMANA_DETAIL,2026-08-17,COMPLETE,2026-08-17,OBSERVANCE,Simha Sankranti,Simha Sankranti Moment - 08:04 AM | Simha Sankranti Punya Kala - 05:27 AM to 08:04 AM | Simha Sankranti Maha Punya Kala - 05:56 AM to 08:04 AM,,Simha Sankranti. Simha Sankranti Moment - 08:04 AM | Simha Sankranti Punya Kala - 05:27 AM to 08:04 AM | Simha Sankranti Maha Punya Kala - 05:56 AM to 08:04 AM,sankramana_engine.py,SANKRAMANA_V2_1_CITY_CONTEXT_THEN_DISCOVERY_URL
geoname:1254360,geoname:1254360|city:tirupati,Tirupati,Andhra Pradesh,India,Asia/Kolkata,1254360,SANKRAMANA,Simha Sankranti,SANKRAMANA,DRIK_SANKRAMANA_DETAIL,2026-08-17,COMPLETE,2026-08-17,OBSERVANCE,Simha Sankranti,Simha Sankranti Moment - 08:04 AM | Simha Sankranti Punya Kala - 06:00 AM to 08:04 AM | Simha Sankranti Maha Punya Kala - 06:00 AM to 08:04 AM,,Simha Sankranti. Simha Sankranti Moment - 08:04 AM | Simha Sankranti Punya Kala - 06:00 AM to 08:04 AM | Simha Sankranti Maha Punya Kala - 06:00 AM to 08:04 AM,sankramana_engine.py,SANKRAMANA_V2_1_CITY_CONTEXT_THEN_DISCOVERY_URL
geoname:1275841,geoname:1275841|city:bhopal,Bhopal,Madhya Pradesh,India,Asia/Kolkata,1275841,SANKRAMANA,Simha Sankranti,SANKRAMANA,DRIK_SANKRAMANA_DETAIL,2026-08-17,COMPLETE,2026-08-17,OBSERVANCE,Simha Sankranti,Simha Sankranti Moment - 08:04 AM | Simha Sankranti Punya Kala - 05:57 AM to 08:04 AM | Simha Sankranti Maha Punya Kala - 05:57 AM to 08:04 AM,,Simha Sankranti. Simha Sankranti Moment - 08:04 AM | Simha Sankranti Punya Kala - 05:57 AM to 08:04 AM | Simha Sankranti Maha Punya Kala - 05:57 AM to 08:04 AM,sankramana_engine.py,SANKRAMANA_V2_1_CITY_CONTEXT_THEN_DISCOVERY_URL
geoname:1253405,geoname:1253405|city:varanasi,Varanasi,Uttar Pradesh,India,Asia/Kolkata,1253405,SANKRAMANA,Simha Sankranti,SANKRAMANA,DRIK_SANKRAMANA_DETAIL,2026-08-17,COMPLETE,2026-08-17,OBSERVANCE,Simha Sankranti,Simha Sankranti Moment - 08:04 AM | Simha Sankranti Punya Kala - 05:32 AM to 08:04 AM | Simha Sankranti Maha Punya Kala - 05:54 AM to 08:04 AM,,Simha Sankranti. Simha Sankranti Moment - 08:04 AM | Simha Sankranti Punya Kala - 05:32 AM to 08:04 AM | Simha Sankranti Maha Punya Kala - 05:54 AM to 08:04 AM,sankramana_engine.py,SANKRAMANA_V2_1_CITY_CONTEXT_THEN_DISCOVERY_URL
geoname:1278994,geoname:1278994|city:prayagraj,Prayagraj,Uttar Pradesh,India,Asia/Kolkata,1278994,SANKRAMANA,Simha Sankranti,SANKRAMANA,DRIK_SANKRAMANA_DETAIL,2026-08-17,COMPLETE,2026-08-17,OBSERVANCE,Simha Sankranti,Simha Sankranti Moment - 08:04 AM | Simha Sankranti Punya Kala - 05:37 AM to 08:04 AM | Simha Sankranti Maha Punya Kala - 05:54 AM to 08:04 AM,,Simha Sankranti. Simha Sankranti Moment - 08:04 AM | Simha Sankranti Punya Kala - 05:37 AM to 08:04 AM | Simha Sankranti Maha Punya Kala - 05:54 AM to 08:04 AM,sankramana_engine.py,SANKRAMANA_V2_1_CITY_CONTEXT_THEN_DISCOVERY_URL
geoname:1264733,geoname:1264733|city:lucknow,Lucknow,Uttar Pradesh,India,Asia/Kolkata,1264733,SANKRAMANA,Simha Sankranti,SANKRAMANA,DRIK_SANKRAMANA_DETAIL,2026-08-17,COMPLETE,2026-08-17,OBSERVANCE,Simha Sankranti,Simha Sankranti Moment - 08:04 AM | Simha Sankranti Punya Kala - 05:39 AM to 08:04 AM | Simha Sankranti Maha Punya Kala - 05:53 AM to 08:04 AM,,Simha Sankranti. Simha Sankranti Moment - 08:04 AM | Simha Sankranti Punya Kala - 05:39 AM to 08:04 AM | Simha Sankranti Maha Punya Kala - 05:53 AM to 08:04 AM,sankramana_engine.py,SANKRAMANA_V2_1_CITY_CONTEXT_THEN_DISCOVERY_URL
geoname:1255634,geoname:1255634|city:srinagar,Srinagar,Jammu and Kashmir,India,Asia/Kolkata,1255634,SANKRAMANA,Simha Sankranti,SANKRAMANA,DRIK_SANKRAMANA_DETAIL,2026-08-17,COMPLETE,2026-08-17,OBSERVANCE,Simha Sankranti,Simha Sankranti Moment - 08:04 AM | Simha Sankranti Punya Kala - 05:53 AM to 08:04 AM | Simha Sankranti Maha Punya Kala - 05:53 AM to 08:04 AM,,Simha Sankranti. Simha Sankranti Moment - 08:04 AM | Simha Sankranti Punya Kala - 05:53 AM to 08:04 AM | Simha Sankranti Maha Punya Kala - 05:53 AM to 08:04 AM,sankramana_engine.py,SANKRAMANA_V2_1_CITY_CONTEXT_THEN_DISCOVERY_URL
geoname:2174003,geoname:2174003|city:brisbane,Brisbane,Queensland,Australia,Australia/Brisbane,2174003,SANKRAMANA,Simha Sankranti,SANKRAMANA,DRIK_SANKRAMANA_DETAIL,2026-08-17,COMPLETE,2026-08-17,OBSERVANCE,Simha Sankranti,Simha Sankranti Moment - 12:34 PM | Simha Sankranti Punya Kala - 06:36 AM to 12:34 PM | Simha Sankranti Maha Punya Kala - 10:42 AM to 12:34 PM,,Simha Sankranti. Simha Sankranti Moment - 12:34 PM | Simha Sankranti Punya Kala - 06:36 AM to 12:34 PM | Simha Sankranti Maha Punya Kala - 10:42 AM to 12:34 PM,sankramana_engine.py,SANKRAMANA_V2_1_CITY_CONTEXT_THEN_DISCOVERY_URL
geoname:2158177,geoname:2158177|city:melbourne,Melbourne,Victoria,Australia,Australia/Melbourne,2158177,SANKRAMANA,Simha Sankranti,SANKRAMANA,DRIK_SANKRAMANA_DETAIL,2026-08-17,COMPLETE,2026-08-17,OBSERVANCE,Simha Sankranti,Simha Sankranti Moment - 12:34 PM | Simha Sankranti Punya Kala - 07:03 AM to 12:34 PM | Simha Sankranti Maha Punya Kala - 10:46 AM to 12:34 PM,,Simha Sankranti. Simha Sankranti Moment - 12:34 PM | Simha Sankranti Punya Kala - 07:03 AM to 12:34 PM | Simha Sankranti Maha Punya Kala - 10:46 AM to 12:34 PM,sankramana_engine.py,SANKRAMANA_V2_1_CITY_CONTEXT_THEN_DISCOVERY_URL
geoname:2078025,geoname:2078025|city:adelaide,Adelaide,South Australia,Australia,Australia/Adelaide,2078025,SANKRAMANA,Simha Sankranti,SANKRAMANA,DRIK_SANKRAMANA_DETAIL,2026-08-17,COMPLETE,2026-08-17,OBSERVANCE,Simha Sankranti,Simha Sankranti Moment - 12:04 PM | Simha Sankranti Punya Kala - 06:54 AM to 12:04 PM | Simha Sankranti Maha Punya Kala - 10:15 AM to 12:04 PM,,Simha Sankranti. Simha Sankranti Moment - 12:04 PM | Simha Sankranti Punya Kala - 06:54 AM to 12:04 PM | Simha Sankranti Maha Punya Kala - 10:15 AM to 12:04 PM,sankramana_engine.py,SANKRAMANA_V2_1_CITY_CONTEXT_THEN_DISCOVERY_URL
geoname:2063523,geoname:2063523|city:perth,Perth,Western Australia,Australia,Australia/Perth,2063523,SANKRAMANA,Simha Sankranti,SANKRAMANA,DRIK_SANKRAMANA_DETAIL,2026-08-17,COMPLETE,2026-08-17,OBSERVANCE,Simha Sankranti,Simha Sankranti Moment - 10:34 AM | Simha Sankranti Punya Kala - 06:51 AM to 10:34 AM | Simha Sankranti Maha Punya Kala - 08:44 AM to 10:34 AM,,Simha Sankranti. Simha Sankranti Moment - 10:34 AM | Simha Sankranti Punya Kala - 06:51 AM to 10:34 AM | Simha Sankranti Maha Punya Kala - 08:44 AM to 10:34 AM,sankramana_engine.py,SANKRAMANA_V2_1_CITY_CONTEXT_THEN_DISCOVERY_URL
geoname:2172517,geoname:2172517|city:canberra,Canberra,Australian Capital Territory,Australia,Australia/Sydney,2172517,SANKRAMANA,Simha Sankranti,SANKRAMANA,DRIK_SANKRAMANA_DETAIL,2026-08-17,COMPLETE,2026-08-17,OBSERVANCE,Simha Sankranti,Simha Sankranti Moment - 12:34 PM | Simha Sankranti Punya Kala - 06:47 AM to 12:34 PM | Simha Sankranti Maha Punya Kala - 10:45 AM to 12:34 PM,,Simha Sankranti. Simha Sankranti Moment - 12:34 PM | Simha Sankranti Punya Kala - 06:47 AM to 12:34 PM | Simha Sankranti Maha Punya Kala - 10:45 AM to 12:34 PM,sankramana_engine.py,SANKRAMANA_V2_1_CITY_CONTEXT_THEN_DISCOVERY_URL
geoname:2147714,geoname:2147714|city:sydney,Sydney,New South Wales,Australia,Australia/Sydney,2147714,SANKRAMANA,Simha Sankranti,SANKRAMANA,DRIK_SANKRAMANA_DETAIL,2026-08-17,COMPLETE,2026-08-17,OBSERVANCE,Simha Sankranti,Simha Sankranti Moment - 12:34 PM | Simha Sankranti Punya Kala - 06:45 AM to 12:34 PM | Simha Sankranti Maha Punya Kala - 10:45 AM to 12:34 PM,,Simha Sankranti. Simha Sankranti Moment - 12:34 PM | Simha Sankranti Punya Kala - 06:45 AM to 12:34 PM | Simha Sankranti Maha Punya Kala - 10:45 AM to 12:34 PM,sankramana_engine.py,SANKRAMANA_V2_1_CITY_CONTEXT_THEN_DISCOVERY_URL
