Festival Date,Upavaasa Date,City,State/Region,Country,Timezone,Geoname ID,Festival,Sunsign,Amanta Maasa,Paksha,Vaara,Ashtami Start,Ashtami End,Rohini Start,Rohini End,Ashtami-Rohini Overlap Start,Ashtami-Rohini Overlap End,Candidate Sunset,Next Sunrise,Calculated Nishita Madhya,Calculated Puja Start,Calculated Puja End,Qualifying Nishita Count In Joint Overlap,Qualifying Nishita Sequence,Nishita Selection Note,Saptami Viddha Ashtami,No-Overlap Case,No-Overlap Rule,Decision Rule,Budhavara,Needs Review,Review Reason,Final Message
2026-09-03,2026-09-03,Chicago,Illinois,United States,America/Chicago,4887398,Sri Krishna Jayanthi,Simha,Shravana,Krishna Paksha,Guruwara,2026-09-03 03:55:00 PM,2026-09-04 01:43:00 PM,2026-09-03 01:59:00 PM,2026-09-04 12:34:00 PM,2026-09-03 03:55:00 PM,2026-09-04 12:34:00 PM,2026-09-03 07:21:00 PM,2026-09-04 06:20:00 AM,2026-09-04 12:50:30 AM,2026-09-04 12:26:30 AM,2026-09-04 01:14:30 AM,1,1,Only one Nishita falls inside the Ashtami-Rohini joint overlap.,False,,,ASHTAMI_ROHINI_AT_NISHITA,False,False,,"Sri Krishna Jayanthi Upavaasa - Thursday, September 03, 2026 | Upavaasa is to be observed on this day and Nishita Puja is performed during the following night. | Nishita Madhya - 12:50 AM, Sep 04 | Nishita Puja Time - 12:26 AM to 1:14 AM, Sep 04 | Duration - 00 Hours 48 Mins | After performing the Nishita Puja during the night, the fast should be broken the following morning only after completing the regular morning Puja."
2026-09-03,2026-09-03,Nashville,Tennessee,United States,America/Chicago,4644585,Sri Krishna Jayanthi,Simha,Shravana,Krishna Paksha,Guruwara,2026-09-03 03:55:00 PM,2026-09-04 01:43:00 PM,2026-09-03 01:59:00 PM,2026-09-04 12:34:00 PM,2026-09-03 03:55:00 PM,2026-09-04 12:34:00 PM,2026-09-03 07:12:00 PM,2026-09-04 06:21:00 AM,2026-09-04 12:46:30 AM,2026-09-04 12:22:30 AM,2026-09-04 01:10:30 AM,1,1,Only one Nishita falls inside the Ashtami-Rohini joint overlap.,False,,,ASHTAMI_ROHINI_AT_NISHITA,False,False,,"Sri Krishna Jayanthi Upavaasa - Thursday, September 03, 2026 | Upavaasa is to be observed on this day and Nishita Puja is performed during the following night. | Nishita Madhya - 12:46 AM, Sep 04 | Nishita Puja Time - 12:22 AM to 1:10 AM, Sep 04 | Duration - 00 Hours 48 Mins | After performing the Nishita Puja during the night, the fast should be broken the following morning only after completing the regular morning Puja."
2026-09-03,2026-09-03,Dallas,Texas,United States,America/Chicago,4684888,Sri Krishna Jayanthi,Simha,Shravana,Krishna Paksha,Guruwara,2026-09-03 03:55:00 PM,2026-09-04 01:43:00 PM,2026-09-03 01:59:00 PM,2026-09-04 12:34:00 PM,2026-09-03 03:55:00 PM,2026-09-04 12:34:00 PM,2026-09-03 07:49:00 PM,2026-09-04 07:04:00 AM,2026-09-04 01:26:30 AM,2026-09-04 01:02:30 AM,2026-09-04 01:50:30 AM,1,1,Only one Nishita falls inside the Ashtami-Rohini joint overlap.,False,,,ASHTAMI_ROHINI_AT_NISHITA,False,False,,"Sri Krishna Jayanthi Upavaasa - Thursday, September 03, 2026 | Upavaasa is to be observed on this day and Nishita Puja is performed during the following night. | Nishita Madhya - 1:26 AM, Sep 04 | Nishita Puja Time - 1:02 AM to 1:50 AM, Sep 04 | Duration - 00 Hours 48 Mins | After performing the Nishita Puja during the night, the fast should be broken the following morning only after completing the regular morning Puja."
2026-09-03,2026-09-03,Houston,Texas,United States,America/Chicago,4699066,Sri Krishna Jayanthi,Simha,Shravana,Krishna Paksha,Guruwara,2026-09-03 03:55:00 PM,2026-09-04 01:43:00 PM,2026-09-03 01:59:00 PM,2026-09-04 12:34:00 PM,2026-09-03 03:55:00 PM,2026-09-04 12:34:00 PM,2026-09-03 07:41:00 PM,2026-09-04 07:00:00 AM,2026-09-04 01:20:30 AM,2026-09-04 12:56:30 AM,2026-09-04 01:44:30 AM,1,1,Only one Nishita falls inside the Ashtami-Rohini joint overlap.,False,,,ASHTAMI_ROHINI_AT_NISHITA,False,False,,"Sri Krishna Jayanthi Upavaasa - Thursday, September 03, 2026 | Upavaasa is to be observed on this day and Nishita Puja is performed during the following night. | Nishita Madhya - 1:20 AM, Sep 04 | Nishita Puja Time - 12:56 AM to 1:44 AM, Sep 04 | Duration - 00 Hours 48 Mins | After performing the Nishita Puja during the night, the fast should be broken the following morning only after completing the regular morning Puja."
2026-09-03,2026-09-03,Columbus,Indiana,United States,America/Indiana/Indianapolis,4256038,Sri Krishna Jayanthi,Simha,Shravana,Krishna Paksha,Guruwara,2026-09-03 04:55:00 PM,2026-09-04 02:43:00 PM,2026-09-03 02:59:00 PM,2026-09-04 01:34:00 PM,2026-09-03 04:55:00 PM,2026-09-04 01:34:00 PM,2026-09-03 08:11:00 PM,2026-09-04 07:15:00 AM,2026-09-04 01:43:00 AM,2026-09-04 01:19:00 AM,2026-09-04 02:07:00 AM,1,1,Only one Nishita falls inside the Ashtami-Rohini joint overlap.,False,,,ASHTAMI_ROHINI_AT_NISHITA,False,False,,"Sri Krishna Jayanthi Upavaasa - Thursday, September 03, 2026 | Upavaasa is to be observed on this day and Nishita Puja is performed during the following night. | Nishita Madhya - 1:43 AM, Sep 04 | Nishita Puja Time - 1:19 AM to 2:07 AM, Sep 04 | Duration - 00 Hours 48 Mins | After performing the Nishita Puja during the night, the fast should be broken the following morning only after completing the regular morning Puja."
2026-09-03,2026-09-03,Lafayette,Indiana,United States,America/Indiana/Indianapolis,4922462,Sri Krishna Jayanthi,Simha,Shravana,Krishna Paksha,Guruwara,2026-09-03 04:55:00 PM,2026-09-04 02:43:00 PM,2026-09-03 02:59:00 PM,2026-09-04 01:34:00 PM,2026-09-03 04:55:00 PM,2026-09-04 01:34:00 PM,2026-09-03 08:16:00 PM,2026-09-04 07:18:00 AM,2026-09-04 01:47:00 AM,2026-09-04 01:23:00 AM,2026-09-04 02:11:00 AM,1,1,Only one Nishita falls inside the Ashtami-Rohini joint overlap.,False,,,ASHTAMI_ROHINI_AT_NISHITA,False,False,,"Sri Krishna Jayanthi Upavaasa - Thursday, September 03, 2026 | Upavaasa is to be observed on this day and Nishita Puja is performed during the following night. | Nishita Madhya - 1:47 AM, Sep 04 | Nishita Puja Time - 1:23 AM to 2:11 AM, Sep 04 | Duration - 00 Hours 48 Mins | After performing the Nishita Puja during the night, the fast should be broken the following morning only after completing the regular morning Puja."
2026-09-03,2026-09-03,Vancouver,British Columbia,Canada,America/Los_Angeles,6173331,Sri Krishna Jayanthi,Simha,Shravana,Krishna Paksha,Guruwara,2026-09-03 01:55:00 PM,2026-09-04 11:43:00 AM,2026-09-03 11:59:00 AM,2026-09-04 10:34:00 AM,2026-09-03 01:55:00 PM,2026-09-04 10:34:00 AM,2026-09-03 07:51:00 PM,2026-09-04 06:33:00 AM,2026-09-04 01:12:00 AM,2026-09-04 12:48:00 AM,2026-09-04 01:36:00 AM,1,1,Only one Nishita falls inside the Ashtami-Rohini joint overlap.,False,,,ASHTAMI_ROHINI_AT_NISHITA,False,False,,"Sri Krishna Jayanthi Upavaasa - Thursday, September 03, 2026 | Upavaasa is to be observed on this day and Nishita Puja is performed during the following night. | Nishita Madhya - 1:12 AM, Sep 04 | Nishita Puja Time - 12:48 AM to 1:36 AM, Sep 04 | Duration - 00 Hours 48 Mins | After performing the Nishita Puja during the night, the fast should be broken the following morning only after completing the regular morning Puja."
2026-09-03,2026-09-03,Los Angeles,California,United States,America/Los_Angeles,5368361,Sri Krishna Jayanthi,Simha,Shravana,Krishna Paksha,Guruwara,2026-09-03 01:55:00 PM,2026-09-04 11:43:00 AM,2026-09-03 11:59:00 AM,2026-09-04 10:34:00 AM,2026-09-03 01:55:00 PM,2026-09-04 10:34:00 AM,2026-09-03 07:16:00 PM,2026-09-04 06:29:00 AM,2026-09-04 12:52:30 AM,2026-09-04 12:28:30 AM,2026-09-04 01:16:30 AM,1,1,Only one Nishita falls inside the Ashtami-Rohini joint overlap.,False,,,ASHTAMI_ROHINI_AT_NISHITA,False,False,,"Sri Krishna Jayanthi Upavaasa - Thursday, September 03, 2026 | Upavaasa is to be observed on this day and Nishita Puja is performed during the following night. | Nishita Madhya - 12:52 AM, Sep 04 | Nishita Puja Time - 12:28 AM to 1:16 AM, Sep 04 | Duration - 00 Hours 48 Mins | After performing the Nishita Puja during the night, the fast should be broken the following morning only after completing the regular morning Puja."
2026-09-03,2026-09-03,Placentia,California,United States,America/Los_Angeles,5383527,Sri Krishna Jayanthi,Simha,Shravana,Krishna Paksha,Guruwara,2026-09-03 01:55:00 PM,2026-09-04 11:43:00 AM,2026-09-03 11:59:00 AM,2026-09-04 10:34:00 AM,2026-09-03 01:55:00 PM,2026-09-04 10:34:00 AM,2026-09-03 07:14:00 PM,2026-09-04 06:28:00 AM,2026-09-04 12:51:00 AM,2026-09-04 12:27:00 AM,2026-09-04 01:15:00 AM,1,1,Only one Nishita falls inside the Ashtami-Rohini joint overlap.,False,,,ASHTAMI_ROHINI_AT_NISHITA,False,False,,"Sri Krishna Jayanthi Upavaasa - Thursday, September 03, 2026 | Upavaasa is to be observed on this day and Nishita Puja is performed during the following night. | Nishita Madhya - 12:51 AM, Sep 04 | Nishita Puja Time - 12:27 AM to 1:15 AM, Sep 04 | Duration - 00 Hours 48 Mins | After performing the Nishita Puja during the night, the fast should be broken the following morning only after completing the regular morning Puja."
2026-09-03,2026-09-03,San Francisco,California,United States,America/Los_Angeles,5391959,Sri Krishna Jayanthi,Simha,Shravana,Krishna Paksha,Guruwara,2026-09-03 01:55:00 PM,2026-09-04 11:43:00 AM,2026-09-03 11:59:00 AM,2026-09-04 10:34:00 AM,2026-09-03 01:55:00 PM,2026-09-04 10:34:00 AM,2026-09-03 07:36:00 PM,2026-09-04 06:43:00 AM,2026-09-04 01:09:30 AM,2026-09-04 12:45:30 AM,2026-09-04 01:33:30 AM,1,1,Only one Nishita falls inside the Ashtami-Rohini joint overlap.,False,,,ASHTAMI_ROHINI_AT_NISHITA,False,False,,"Sri Krishna Jayanthi Upavaasa - Thursday, September 03, 2026 | Upavaasa is to be observed on this day and Nishita Puja is performed during the following night. | Nishita Madhya - 1:09 AM, Sep 04 | Nishita Puja Time - 12:45 AM to 1:33 AM, Sep 04 | Duration - 00 Hours 48 Mins | After performing the Nishita Puja during the night, the fast should be broken the following morning only after completing the regular morning Puja."
2026-09-03,2026-09-03,Seattle,Washington,United States,America/Los_Angeles,5809844,Sri Krishna Jayanthi,Simha,Shravana,Krishna Paksha,Guruwara,2026-09-03 01:55:00 PM,2026-09-04 11:43:00 AM,2026-09-03 11:59:00 AM,2026-09-04 10:34:00 AM,2026-09-03 01:55:00 PM,2026-09-04 10:34:00 AM,2026-09-03 07:46:00 PM,2026-09-04 06:32:00 AM,2026-09-04 01:09:00 AM,2026-09-04 12:45:00 AM,2026-09-04 01:33:00 AM,1,1,Only one Nishita falls inside the Ashtami-Rohini joint overlap.,False,,,ASHTAMI_ROHINI_AT_NISHITA,False,False,,"Sri Krishna Jayanthi Upavaasa - Thursday, September 03, 2026 | Upavaasa is to be observed on this day and Nishita Puja is performed during the following night. | Nishita Madhya - 1:09 AM, Sep 04 | Nishita Puja Time - 12:45 AM to 1:33 AM, Sep 04 | Duration - 00 Hours 48 Mins | After performing the Nishita Puja during the night, the fast should be broken the following morning only after completing the regular morning Puja."
2026-09-03,2026-09-03,Windsor,Ontario,Canada,America/New_York,6182962,Sri Krishna Jayanthi,Simha,Shravana,Krishna Paksha,Guruwara,2026-09-03 04:55:00 PM,2026-09-04 02:43:00 PM,2026-09-03 02:59:00 PM,2026-09-04 01:34:00 PM,2026-09-03 04:55:00 PM,2026-09-04 01:34:00 PM,2026-09-03 08:03:00 PM,2026-09-04 07:01:00 AM,2026-09-04 01:32:00 AM,2026-09-04 01:08:00 AM,2026-09-04 01:56:00 AM,1,1,Only one Nishita falls inside the Ashtami-Rohini joint overlap.,False,,,ASHTAMI_ROHINI_AT_NISHITA,False,False,,"Sri Krishna Jayanthi Upavaasa - Thursday, September 03, 2026 | Upavaasa is to be observed on this day and Nishita Puja is performed during the following night. | Nishita Madhya - 1:32 AM, Sep 04 | Nishita Puja Time - 1:08 AM to 1:56 AM, Sep 04 | Duration - 00 Hours 48 Mins | After performing the Nishita Puja during the night, the fast should be broken the following morning only after completing the regular morning Puja."
2026-09-03,2026-09-03,Orlando,Florida,United States,America/New_York,4167147,Sri Krishna Jayanthi,Simha,Shravana,Krishna Paksha,Guruwara,2026-09-03 04:55:00 PM,2026-09-04 02:43:00 PM,2026-09-03 02:59:00 PM,2026-09-04 01:34:00 PM,2026-09-03 04:55:00 PM,2026-09-04 01:34:00 PM,2026-09-03 07:45:00 PM,2026-09-04 07:05:00 AM,2026-09-04 01:25:00 AM,2026-09-04 01:01:00 AM,2026-09-04 01:49:00 AM,1,1,Only one Nishita falls inside the Ashtami-Rohini joint overlap.,False,,,ASHTAMI_ROHINI_AT_NISHITA,False,False,,"Sri Krishna Jayanthi Upavaasa - Thursday, September 03, 2026 | Upavaasa is to be observed on this day and Nishita Puja is performed during the following night. | Nishita Madhya - 1:25 AM, Sep 04 | Nishita Puja Time - 1:01 AM to 1:49 AM, Sep 04 | Duration - 00 Hours 48 Mins | After performing the Nishita Puja during the night, the fast should be broken the following morning only after completing the regular morning Puja."
2026-09-03,2026-09-03,Tampa,Florida,United States,America/New_York,4174757,Sri Krishna Jayanthi,Simha,Shravana,Krishna Paksha,Guruwara,2026-09-03 04:55:00 PM,2026-09-04 02:43:00 PM,2026-09-03 02:59:00 PM,2026-09-04 01:34:00 PM,2026-09-03 04:55:00 PM,2026-09-04 01:34:00 PM,2026-09-03 07:48:00 PM,2026-09-04 07:10:00 AM,2026-09-04 01:29:00 AM,2026-09-04 01:05:00 AM,2026-09-04 01:53:00 AM,1,1,Only one Nishita falls inside the Ashtami-Rohini joint overlap.,False,,,ASHTAMI_ROHINI_AT_NISHITA,False,False,,"Sri Krishna Jayanthi Upavaasa - Thursday, September 03, 2026 | Upavaasa is to be observed on this day and Nishita Puja is performed during the following night. | Nishita Madhya - 1:29 AM, Sep 04 | Nishita Puja Time - 1:05 AM to 1:53 AM, Sep 04 | Duration - 00 Hours 48 Mins | After performing the Nishita Puja during the night, the fast should be broken the following morning only after completing the regular morning Puja."
2026-09-03,2026-09-03,Atlanta,Georgia,United States,America/New_York,4180439,Sri Krishna Jayanthi,Simha,Shravana,Krishna Paksha,Guruwara,2026-09-03 04:55:00 PM,2026-09-04 02:43:00 PM,2026-09-03 02:59:00 PM,2026-09-04 01:34:00 PM,2026-09-03 04:55:00 PM,2026-09-04 01:34:00 PM,2026-09-03 08:00:00 PM,2026-09-04 07:14:00 AM,2026-09-04 01:37:00 AM,2026-09-04 01:13:00 AM,2026-09-04 02:01:00 AM,1,1,Only one Nishita falls inside the Ashtami-Rohini joint overlap.,False,,,ASHTAMI_ROHINI_AT_NISHITA,False,False,,"Sri Krishna Jayanthi Upavaasa - Thursday, September 03, 2026 | Upavaasa is to be observed on this day and Nishita Puja is performed during the following night. | Nishita Madhya - 1:37 AM, Sep 04 | Nishita Puja Time - 1:13 AM to 2:01 AM, Sep 04 | Duration - 00 Hours 48 Mins | After performing the Nishita Puja during the night, the fast should be broken the following morning only after completing the regular morning Puja."
2026-09-03,2026-09-03,Baltimore,Maryland,United States,America/New_York,4347778,Sri Krishna Jayanthi,Simha,Shravana,Krishna Paksha,Guruwara,2026-09-03 04:55:00 PM,2026-09-04 02:43:00 PM,2026-09-03 02:59:00 PM,2026-09-04 01:34:00 PM,2026-09-03 04:55:00 PM,2026-09-04 01:34:00 PM,2026-09-03 07:34:00 PM,2026-09-04 06:38:00 AM,2026-09-04 01:06:00 AM,2026-09-04 12:42:00 AM,2026-09-04 01:30:00 AM,1,1,Only one Nishita falls inside the Ashtami-Rohini joint overlap.,False,,,ASHTAMI_ROHINI_AT_NISHITA,False,False,,"Sri Krishna Jayanthi Upavaasa - Thursday, September 03, 2026 | Upavaasa is to be observed on this day and Nishita Puja is performed during the following night. | Nishita Madhya - 1:06 AM, Sep 04 | Nishita Puja Time - 12:42 AM to 1:30 AM, Sep 04 | Duration - 00 Hours 48 Mins | After performing the Nishita Puja during the night, the fast should be broken the following morning only after completing the regular morning Puja."
2026-09-03,2026-09-03,New Jersey,New Jersey,United States,America/New_York,5099836,Sri Krishna Jayanthi,Simha,Shravana,Krishna Paksha,Guruwara,2026-09-03 04:55:00 PM,2026-09-04 02:43:00 PM,2026-09-03 02:59:00 PM,2026-09-04 01:34:00 PM,2026-09-03 04:55:00 PM,2026-09-04 01:34:00 PM,2026-09-03 07:25:00 PM,2026-09-04 06:26:00 AM,2026-09-04 12:55:30 AM,2026-09-04 12:31:30 AM,2026-09-04 01:19:30 AM,1,1,Only one Nishita falls inside the Ashtami-Rohini joint overlap.,False,,,ASHTAMI_ROHINI_AT_NISHITA,False,False,,"Sri Krishna Jayanthi Upavaasa - Thursday, September 03, 2026 | Upavaasa is to be observed on this day and Nishita Puja is performed during the following night. | Nishita Madhya - 12:55 AM, Sep 04 | Nishita Puja Time - 12:31 AM to 1:19 AM, Sep 04 | Duration - 00 Hours 48 Mins | After performing the Nishita Puja during the night, the fast should be broken the following morning only after completing the regular morning Puja."
2026-09-03,2026-09-03,Belfast,New York,United States,America/New_York,5108728,Sri Krishna Jayanthi,Simha,Shravana,Krishna Paksha,Guruwara,2026-09-03 04:55:00 PM,2026-09-04 02:43:00 PM,2026-09-03 02:59:00 PM,2026-09-04 01:34:00 PM,2026-09-03 04:55:00 PM,2026-09-04 01:34:00 PM,2026-09-03 07:43:00 PM,2026-09-04 06:41:00 AM,2026-09-04 01:12:00 AM,2026-09-04 12:48:00 AM,2026-09-04 01:36:00 AM,1,1,Only one Nishita falls inside the Ashtami-Rohini joint overlap.,False,,,ASHTAMI_ROHINI_AT_NISHITA,False,False,,"Sri Krishna Jayanthi Upavaasa - Thursday, September 03, 2026 | Upavaasa is to be observed on this day and Nishita Puja is performed during the following night. | Nishita Madhya - 1:12 AM, Sep 04 | Nishita Puja Time - 12:48 AM to 1:36 AM, Sep 04 | Duration - 00 Hours 48 Mins | After performing the Nishita Puja during the night, the fast should be broken the following morning only after completing the regular morning Puja."
2026-09-03,2026-09-03,Buffalo,New York,United States,America/New_York,5110629,Sri Krishna Jayanthi,Simha,Shravana,Krishna Paksha,Guruwara,2026-09-03 04:55:00 PM,2026-09-04 02:43:00 PM,2026-09-03 02:59:00 PM,2026-09-04 01:34:00 PM,2026-09-03 04:55:00 PM,2026-09-04 01:34:00 PM,2026-09-03 07:47:00 PM,2026-09-04 06:44:00 AM,2026-09-04 01:15:30 AM,2026-09-04 12:51:30 AM,2026-09-04 01:39:30 AM,1,1,Only one Nishita falls inside the Ashtami-Rohini joint overlap.,False,,,ASHTAMI_ROHINI_AT_NISHITA,False,False,,"Sri Krishna Jayanthi Upavaasa - Thursday, September 03, 2026 | Upavaasa is to be observed on this day and Nishita Puja is performed during the following night. | Nishita Madhya - 1:15 AM, Sep 04 | Nishita Puja Time - 12:51 AM to 1:39 AM, Sep 04 | Duration - 00 Hours 48 Mins | After performing the Nishita Puja during the night, the fast should be broken the following morning only after completing the regular morning Puja."
2026-09-03,2026-09-03,Greece,New York,United States,America/New_York,5119251,Sri Krishna Jayanthi,Simha,Shravana,Krishna Paksha,Guruwara,2026-09-03 04:55:00 PM,2026-09-04 02:43:00 PM,2026-09-03 02:59:00 PM,2026-09-04 01:34:00 PM,2026-09-03 04:55:00 PM,2026-09-04 01:34:00 PM,2026-09-03 07:42:00 PM,2026-09-04 06:38:00 AM,2026-09-04 01:10:00 AM,2026-09-04 12:46:00 AM,2026-09-04 01:34:00 AM,1,1,Only one Nishita falls inside the Ashtami-Rohini joint overlap.,False,,,ASHTAMI_ROHINI_AT_NISHITA,False,False,,"Sri Krishna Jayanthi Upavaasa - Thursday, September 03, 2026 | Upavaasa is to be observed on this day and Nishita Puja is performed during the following night. | Nishita Madhya - 1:10 AM, Sep 04 | Nishita Puja Time - 12:46 AM to 1:34 AM, Sep 04 | Duration - 00 Hours 48 Mins | After performing the Nishita Puja during the night, the fast should be broken the following morning only after completing the regular morning Puja."
2026-09-03,2026-09-03,New York,New York,United States,America/New_York,5128581,Sri Krishna Jayanthi,Simha,Shravana,Krishna Paksha,Guruwara,2026-09-03 04:55:00 PM,2026-09-04 02:43:00 PM,2026-09-03 02:59:00 PM,2026-09-04 01:34:00 PM,2026-09-03 04:55:00 PM,2026-09-04 01:34:00 PM,2026-09-03 07:25:00 PM,2026-09-04 06:26:00 AM,2026-09-04 12:55:30 AM,2026-09-04 12:31:30 AM,2026-09-04 01:19:30 AM,1,1,Only one Nishita falls inside the Ashtami-Rohini joint overlap.,False,,,ASHTAMI_ROHINI_AT_NISHITA,False,False,,"Sri Krishna Jayanthi Upavaasa - Thursday, September 03, 2026 | Upavaasa is to be observed on this day and Nishita Puja is performed during the following night. | Nishita Madhya - 12:55 AM, Sep 04 | Nishita Puja Time - 12:31 AM to 1:19 AM, Sep 04 | Duration - 00 Hours 48 Mins | After performing the Nishita Puja during the night, the fast should be broken the following morning only after completing the regular morning Puja."
2026-09-03,2026-09-03,Pittsford,New York,United States,America/New_York,5131614,Sri Krishna Jayanthi,Simha,Shravana,Krishna Paksha,Guruwara,2026-09-03 04:55:00 PM,2026-09-04 02:43:00 PM,2026-09-03 02:59:00 PM,2026-09-04 01:34:00 PM,2026-09-03 04:55:00 PM,2026-09-04 01:34:00 PM,2026-09-03 07:41:00 PM,2026-09-04 06:38:00 AM,2026-09-04 01:09:30 AM,2026-09-04 12:45:30 AM,2026-09-04 01:33:30 AM,1,1,Only one Nishita falls inside the Ashtami-Rohini joint overlap.,False,,,ASHTAMI_ROHINI_AT_NISHITA,False,False,,"Sri Krishna Jayanthi Upavaasa - Thursday, September 03, 2026 | Upavaasa is to be observed on this day and Nishita Puja is performed during the following night. | Nishita Madhya - 1:09 AM, Sep 04 | Nishita Puja Time - 12:45 AM to 1:33 AM, Sep 04 | Duration - 00 Hours 48 Mins | After performing the Nishita Puja during the night, the fast should be broken the following morning only after completing the regular morning Puja."
2026-09-03,2026-09-03,Rochester,New York,United States,America/New_York,5134086,Sri Krishna Jayanthi,Simha,Shravana,Krishna Paksha,Guruwara,2026-09-03 04:55:00 PM,2026-09-04 02:43:00 PM,2026-09-03 02:59:00 PM,2026-09-04 01:34:00 PM,2026-09-03 04:55:00 PM,2026-09-04 01:34:00 PM,2026-09-03 07:42:00 PM,2026-09-04 06:38:00 AM,2026-09-04 01:10:00 AM,2026-09-04 12:46:00 AM,2026-09-04 01:34:00 AM,1,1,Only one Nishita falls inside the Ashtami-Rohini joint overlap.,False,,,ASHTAMI_ROHINI_AT_NISHITA,False,False,,"Sri Krishna Jayanthi Upavaasa - Thursday, September 03, 2026 | Upavaasa is to be observed on this day and Nishita Puja is performed during the following night. | Nishita Madhya - 1:10 AM, Sep 04 | Nishita Puja Time - 12:46 AM to 1:34 AM, Sep 04 | Duration - 00 Hours 48 Mins | After performing the Nishita Puja during the night, the fast should be broken the following morning only after completing the regular morning Puja."
2026-09-03,2026-09-03,Stonybrook,New York,United States,America/New_York,5139865,Sri Krishna Jayanthi,Simha,Shravana,Krishna Paksha,Guruwara,2026-09-03 04:55:00 PM,2026-09-04 02:43:00 PM,2026-09-03 02:59:00 PM,2026-09-04 01:34:00 PM,2026-09-03 04:55:00 PM,2026-09-04 01:34:00 PM,2026-09-03 07:22:00 PM,2026-09-04 06:22:00 AM,2026-09-04 12:52:00 AM,2026-09-04 12:28:00 AM,2026-09-04 01:16:00 AM,1,1,Only one Nishita falls inside the Ashtami-Rohini joint overlap.,False,,,ASHTAMI_ROHINI_AT_NISHITA,False,False,,"Sri Krishna Jayanthi Upavaasa - Thursday, September 03, 2026 | Upavaasa is to be observed on this day and Nishita Puja is performed during the following night. | Nishita Madhya - 12:52 AM, Sep 04 | Nishita Puja Time - 12:28 AM to 1:16 AM, Sep 04 | Duration - 00 Hours 48 Mins | After performing the Nishita Puja during the night, the fast should be broken the following morning only after completing the regular morning Puja."
2026-09-03,2026-09-03,Syracuse,New York,United States,America/New_York,5140405,Sri Krishna Jayanthi,Simha,Shravana,Krishna Paksha,Guruwara,2026-09-03 04:55:00 PM,2026-09-04 02:43:00 PM,2026-09-03 02:59:00 PM,2026-09-04 01:34:00 PM,2026-09-03 04:55:00 PM,2026-09-04 01:34:00 PM,2026-09-03 07:36:00 PM,2026-09-04 06:32:00 AM,2026-09-04 01:04:00 AM,2026-09-04 12:40:00 AM,2026-09-04 01:28:00 AM,1,1,Only one Nishita falls inside the Ashtami-Rohini joint overlap.,False,,,ASHTAMI_ROHINI_AT_NISHITA,False,False,,"Sri Krishna Jayanthi Upavaasa - Thursday, September 03, 2026 | Upavaasa is to be observed on this day and Nishita Puja is performed during the following night. | Nishita Madhya - 1:04 AM, Sep 04 | Nishita Puja Time - 12:40 AM to 1:28 AM, Sep 04 | Duration - 00 Hours 48 Mins | After performing the Nishita Puja during the night, the fast should be broken the following morning only after completing the regular morning Puja."
2026-09-03,2026-09-03,Charlotte,North Carolina,United States,America/New_York,4460243,Sri Krishna Jayanthi,Simha,Shravana,Krishna Paksha,Guruwara,2026-09-03 04:55:00 PM,2026-09-04 02:43:00 PM,2026-09-03 02:59:00 PM,2026-09-04 01:34:00 PM,2026-09-03 04:55:00 PM,2026-09-04 01:34:00 PM,2026-09-03 07:47:00 PM,2026-09-04 06:58:00 AM,2026-09-04 01:22:30 AM,2026-09-04 12:58:30 AM,2026-09-04 01:46:30 AM,1,1,Only one Nishita falls inside the Ashtami-Rohini joint overlap.,False,,,ASHTAMI_ROHINI_AT_NISHITA,False,False,,"Sri Krishna Jayanthi Upavaasa - Thursday, September 03, 2026 | Upavaasa is to be observed on this day and Nishita Puja is performed during the following night. | Nishita Madhya - 1:22 AM, Sep 04 | Nishita Puja Time - 12:58 AM to 1:46 AM, Sep 04 | Duration - 00 Hours 48 Mins | After performing the Nishita Puja during the night, the fast should be broken the following morning only after completing the regular morning Puja."
2026-09-03,2026-09-03,Raleigh,North Carolina,United States,America/New_York,4487042,Sri Krishna Jayanthi,Simha,Shravana,Krishna Paksha,Guruwara,2026-09-03 04:55:00 PM,2026-09-04 02:43:00 PM,2026-09-03 02:59:00 PM,2026-09-04 01:34:00 PM,2026-09-03 04:55:00 PM,2026-09-04 01:34:00 PM,2026-09-03 07:39:00 PM,2026-09-04 06:49:00 AM,2026-09-04 01:14:00 AM,2026-09-04 12:50:00 AM,2026-09-04 01:38:00 AM,1,1,Only one Nishita falls inside the Ashtami-Rohini joint overlap.,False,,,ASHTAMI_ROHINI_AT_NISHITA,False,False,,"Sri Krishna Jayanthi Upavaasa - Thursday, September 03, 2026 | Upavaasa is to be observed on this day and Nishita Puja is performed during the following night. | Nishita Madhya - 1:14 AM, Sep 04 | Nishita Puja Time - 12:50 AM to 1:38 AM, Sep 04 | Duration - 00 Hours 48 Mins | After performing the Nishita Puja during the night, the fast should be broken the following morning only after completing the regular morning Puja."
2026-09-03,2026-09-03,Cincinnati,Ohio,United States,America/New_York,4508722,Sri Krishna Jayanthi,Simha,Shravana,Krishna Paksha,Guruwara,2026-09-03 04:55:00 PM,2026-09-04 02:43:00 PM,2026-09-03 02:59:00 PM,2026-09-04 01:34:00 PM,2026-09-03 04:55:00 PM,2026-09-04 01:34:00 PM,2026-09-03 08:05:00 PM,2026-09-04 07:10:00 AM,2026-09-04 01:37:30 AM,2026-09-04 01:13:30 AM,2026-09-04 02:01:30 AM,1,1,Only one Nishita falls inside the Ashtami-Rohini joint overlap.,False,,,ASHTAMI_ROHINI_AT_NISHITA,False,False,,"Sri Krishna Jayanthi Upavaasa - Thursday, September 03, 2026 | Upavaasa is to be observed on this day and Nishita Puja is performed during the following night. | Nishita Madhya - 1:37 AM, Sep 04 | Nishita Puja Time - 1:13 AM to 2:01 AM, Sep 04 | Duration - 00 Hours 48 Mins | After performing the Nishita Puja during the night, the fast should be broken the following morning only after completing the regular morning Puja."
2026-09-03,2026-09-03,Cleveland,Ohio,United States,America/New_York,5150529,Sri Krishna Jayanthi,Simha,Shravana,Krishna Paksha,Guruwara,2026-09-03 04:55:00 PM,2026-09-04 02:43:00 PM,2026-09-03 02:59:00 PM,2026-09-04 01:34:00 PM,2026-09-03 04:55:00 PM,2026-09-04 01:34:00 PM,2026-09-03 07:56:00 PM,2026-09-04 06:56:00 AM,2026-09-04 01:26:00 AM,2026-09-04 01:02:00 AM,2026-09-04 01:50:00 AM,1,1,Only one Nishita falls inside the Ashtami-Rohini joint overlap.,False,,,ASHTAMI_ROHINI_AT_NISHITA,False,False,,"Sri Krishna Jayanthi Upavaasa - Thursday, September 03, 2026 | Upavaasa is to be observed on this day and Nishita Puja is performed during the following night. | Nishita Madhya - 1:26 AM, Sep 04 | Nishita Puja Time - 1:02 AM to 1:50 AM, Sep 04 | Duration - 00 Hours 48 Mins | After performing the Nishita Puja during the night, the fast should be broken the following morning only after completing the regular morning Puja."
2026-09-03,2026-09-03,Columbus,Ohio,United States,America/New_York,4509177,Sri Krishna Jayanthi,Simha,Shravana,Krishna Paksha,Guruwara,2026-09-03 04:55:00 PM,2026-09-04 02:43:00 PM,2026-09-03 02:59:00 PM,2026-09-04 01:34:00 PM,2026-09-03 04:55:00 PM,2026-09-04 01:34:00 PM,2026-09-03 08:00:00 PM,2026-09-04 07:03:00 AM,2026-09-04 01:31:30 AM,2026-09-04 01:07:30 AM,2026-09-04 01:55:30 AM,1,1,Only one Nishita falls inside the Ashtami-Rohini joint overlap.,False,,,ASHTAMI_ROHINI_AT_NISHITA,False,False,,"Sri Krishna Jayanthi Upavaasa - Thursday, September 03, 2026 | Upavaasa is to be observed on this day and Nishita Puja is performed during the following night. | Nishita Madhya - 1:31 AM, Sep 04 | Nishita Puja Time - 1:07 AM to 1:55 AM, Sep 04 | Duration - 00 Hours 48 Mins | After performing the Nishita Puja during the night, the fast should be broken the following morning only after completing the regular morning Puja."
2026-09-03,2026-09-03,Philadelphia,Pennsylvania,United States,America/New_York,4560349,Sri Krishna Jayanthi,Simha,Shravana,Krishna Paksha,Guruwara,2026-09-03 04:55:00 PM,2026-09-04 02:43:00 PM,2026-09-03 02:59:00 PM,2026-09-04 01:34:00 PM,2026-09-03 04:55:00 PM,2026-09-04 01:34:00 PM,2026-09-03 07:29:00 PM,2026-09-04 06:31:00 AM,2026-09-04 01:00:00 AM,2026-09-04 12:36:00 AM,2026-09-04 01:24:00 AM,1,1,Only one Nishita falls inside the Ashtami-Rohini joint overlap.,False,,,ASHTAMI_ROHINI_AT_NISHITA,False,False,,"Sri Krishna Jayanthi Upavaasa - Thursday, September 03, 2026 | Upavaasa is to be observed on this day and Nishita Puja is performed during the following night. | Nishita Madhya - 1:00 AM, Sep 04 | Nishita Puja Time - 12:36 AM to 1:24 AM, Sep 04 | Duration - 00 Hours 48 Mins | After performing the Nishita Puja during the night, the fast should be broken the following morning only after completing the regular morning Puja."
2026-09-03,2026-09-03,Knoxville,Tennessee,United States,America/New_York,4634946,Sri Krishna Jayanthi,Simha,Shravana,Krishna Paksha,Guruwara,2026-09-03 04:55:00 PM,2026-09-04 02:43:00 PM,2026-09-03 02:59:00 PM,2026-09-04 01:34:00 PM,2026-09-03 04:55:00 PM,2026-09-04 01:34:00 PM,2026-09-03 08:00:00 PM,2026-09-04 07:10:00 AM,2026-09-04 01:35:00 AM,2026-09-04 01:11:00 AM,2026-09-04 01:59:00 AM,1,1,Only one Nishita falls inside the Ashtami-Rohini joint overlap.,False,,,ASHTAMI_ROHINI_AT_NISHITA,False,False,,"Sri Krishna Jayanthi Upavaasa - Thursday, September 03, 2026 | Upavaasa is to be observed on this day and Nishita Puja is performed during the following night. | Nishita Madhya - 1:35 AM, Sep 04 | Nishita Puja Time - 1:11 AM to 1:59 AM, Sep 04 | Duration - 00 Hours 48 Mins | After performing the Nishita Puja during the night, the fast should be broken the following morning only after completing the regular morning Puja."
2026-09-03,2026-09-03,Richmond,Virginia,United States,America/New_York,4781708,Sri Krishna Jayanthi,Simha,Shravana,Krishna Paksha,Guruwara,2026-09-03 04:55:00 PM,2026-09-04 02:43:00 PM,2026-09-03 02:59:00 PM,2026-09-04 01:34:00 PM,2026-09-03 04:55:00 PM,2026-09-04 01:34:00 PM,2026-09-03 07:36:00 PM,2026-09-04 06:43:00 AM,2026-09-04 01:09:30 AM,2026-09-04 12:45:30 AM,2026-09-04 01:33:30 AM,1,1,Only one Nishita falls inside the Ashtami-Rohini joint overlap.,False,,,ASHTAMI_ROHINI_AT_NISHITA,False,False,,"Sri Krishna Jayanthi Upavaasa - Thursday, September 03, 2026 | Upavaasa is to be observed on this day and Nishita Puja is performed during the following night. | Nishita Madhya - 1:09 AM, Sep 04 | Nishita Puja Time - 12:45 AM to 1:33 AM, Sep 04 | Duration - 00 Hours 48 Mins | After performing the Nishita Puja during the night, the fast should be broken the following morning only after completing the regular morning Puja."
2026-09-03,2026-09-03,Phoenix,Arizona,United States,America/Phoenix,5308655,Sri Krishna Jayanthi,Simha,Shravana,Krishna Paksha,Guruwara,2026-09-03 01:55:00 PM,2026-09-04 11:43:00 AM,2026-09-03 11:59:00 AM,2026-09-04 10:34:00 AM,2026-09-03 01:55:00 PM,2026-09-04 10:34:00 AM,2026-09-03 06:51:00 PM,2026-09-04 06:05:00 AM,2026-09-04 12:28:00 AM,2026-09-04 12:04:00 AM,2026-09-04 12:52:00 AM,1,1,Only one Nishita falls inside the Ashtami-Rohini joint overlap.,False,,,ASHTAMI_ROHINI_AT_NISHITA,False,False,,"Sri Krishna Jayanthi Upavaasa - Thursday, September 03, 2026 | Upavaasa is to be observed on this day and Nishita Puja is performed during the following night. | Nishita Madhya - 12:28 AM, Sep 04 | Nishita Puja Time - 12:04 AM to 12:52 AM, Sep 04 | Duration - 00 Hours 48 Mins | After performing the Nishita Puja during the night, the fast should be broken the following morning only after completing the regular morning Puja."
2026-09-03,2026-09-03,Esslingen,Esslingen,Germany,Europe/Berlin,2928751,Sri Krishna Jayanthi,Simha,Shravana,Krishna Paksha,Guruwara,2026-09-03 10:55:00 PM,2026-09-04 08:43:00 PM,2026-09-03 08:59:00 PM,2026-09-04 07:34:00 PM,2026-09-03 10:55:00 PM,2026-09-04 07:34:00 PM,2026-09-03 08:01:00 PM,2026-09-04 06:44:00 AM,2026-09-04 01:22:30 AM,2026-09-04 12:58:30 AM,2026-09-04 01:46:30 AM,1,1,Only one Nishita falls inside the Ashtami-Rohini joint overlap.,False,,,ASHTAMI_ROHINI_AT_NISHITA,False,False,,"Sri Krishna Jayanthi Upavaasa - Thursday, September 03, 2026 | Upavaasa is to be observed on this day and Nishita Puja is performed during the following night. | Nishita Madhya - 1:22 AM, Sep 04 | Nishita Puja Time - 12:58 AM to 1:46 AM, Sep 04 | Duration - 00 Hours 48 Mins | After performing the Nishita Puja during the night, the fast should be broken the following morning only after completing the regular morning Puja."
2026-09-03,2026-09-03,Darmstadt,Hesse,Germany,Europe/Berlin,2938913,Sri Krishna Jayanthi,Simha,Shravana,Krishna Paksha,Guruwara,2026-09-03 10:55:00 PM,2026-09-04 08:43:00 PM,2026-09-03 08:59:00 PM,2026-09-04 07:34:00 PM,2026-09-03 10:55:00 PM,2026-09-04 07:34:00 PM,2026-09-03 08:05:00 PM,2026-09-04 06:45:00 AM,2026-09-04 01:25:00 AM,2026-09-04 01:01:00 AM,2026-09-04 01:49:00 AM,1,1,Only one Nishita falls inside the Ashtami-Rohini joint overlap.,False,,,ASHTAMI_ROHINI_AT_NISHITA,False,False,,"Sri Krishna Jayanthi Upavaasa - Thursday, September 03, 2026 | Upavaasa is to be observed on this day and Nishita Puja is performed during the following night. | Nishita Madhya - 1:25 AM, Sep 04 | Nishita Puja Time - 1:01 AM to 1:49 AM, Sep 04 | Duration - 00 Hours 48 Mins | After performing the Nishita Puja during the night, the fast should be broken the following morning only after completing the regular morning Puja."
2026-09-03,2026-09-03,London,London,United Kingdom,Europe/London,2643743,Sri Krishna Jayanthi,Simha,Shravana,Krishna Paksha,Guruwara,2026-09-03 09:55:00 PM,2026-09-04 07:43:00 PM,2026-09-03 07:59:00 PM,2026-09-04 06:34:00 PM,2026-09-03 09:55:00 PM,2026-09-04 06:34:00 PM,2026-09-03 07:43:00 PM,2026-09-04 06:18:00 AM,2026-09-04 01:00:30 AM,2026-09-04 12:36:30 AM,2026-09-04 01:24:30 AM,1,1,Only one Nishita falls inside the Ashtami-Rohini joint overlap.,False,,,ASHTAMI_ROHINI_AT_NISHITA,False,False,,"Sri Krishna Jayanthi Upavaasa - Thursday, September 03, 2026 | Upavaasa is to be observed on this day and Nishita Puja is performed during the following night. | Nishita Madhya - 1:00 AM, Sep 04 | Nishita Puja Time - 12:36 AM to 1:24 AM, Sep 04 | Duration - 00 Hours 48 Mins | After performing the Nishita Puja during the night, the fast should be broken the following morning only after completing the regular morning Puja."
2026-09-03,2026-09-03,Zurich,Zurich,Switzerland,Europe/Zurich,2657896,Sri Krishna Jayanthi,Simha,Shravana,Krishna Paksha,Guruwara,2026-09-03 10:55:00 PM,2026-09-04 08:43:00 PM,2026-09-03 08:59:00 PM,2026-09-04 07:34:00 PM,2026-09-03 10:55:00 PM,2026-09-04 07:34:00 PM,2026-09-03 08:02:00 PM,2026-09-04 06:48:00 AM,2026-09-04 01:25:00 AM,2026-09-04 01:01:00 AM,2026-09-04 01:49:00 AM,1,1,Only one Nishita falls inside the Ashtami-Rohini joint overlap.,False,,,ASHTAMI_ROHINI_AT_NISHITA,False,False,,"Sri Krishna Jayanthi Upavaasa - Thursday, September 03, 2026 | Upavaasa is to be observed on this day and Nishita Puja is performed during the following night. | Nishita Madhya - 1:25 AM, Sep 04 | Nishita Puja Time - 1:01 AM to 1:49 AM, Sep 04 | Duration - 00 Hours 48 Mins | After performing the Nishita Puja during the night, the fast should be broken the following morning only after completing the regular morning Puja."
2026-09-04,2026-09-04,Dubai,Dubai,United Arab Emirates,Asia/Dubai,292223,Sri Krishna Jayanthi,Simha,Shravana,Krishna Paksha,Shukrawara,2026-09-04 12:55:00 AM,2026-09-04 10:43:00 PM,2026-09-03 10:59:00 PM,2026-09-04 09:34:00 PM,2026-09-04 12:55:00 AM,2026-09-04 09:34:00 PM,2026-09-04 06:35:00 PM,2026-09-05 06:02:00 AM,2026-09-05 12:18:30 AM,2026-09-04 11:54:30 PM,2026-09-05 12:42:30 AM,0,,,False,,,ASHTAMI_ROHINI_OVERLAP_THEN_NEXT_NISHITA,False,False,,"Sri Krishna Jayanthi Upavaasa - Friday, September 04, 2026 | Upavaasa is to be observed on this day and Nishita Puja is performed during the following night. | Nishita Madhya - 12:18 AM, Sep 05 | Nishita Puja Time - 11:54 PM, Sep 04 to 12:42 AM, Sep 05 | Duration - 00 Hours 48 Mins | After performing the Nishita Puja during the night, the fast should be broken the following morning only after completing the regular morning Puja."
2026-09-04,2026-09-04,Tirupati,Andhra Pradesh,India,Asia/Kolkata,1254360,Sri Krishna Jayanthi,Simha,Shravana,Krishna Paksha,Shukrawara,2026-09-04 02:25:00 AM,2026-09-05 12:13:00 AM,2026-09-04 12:29:00 AM,2026-09-04 11:04:00 PM,2026-09-04 02:25:00 AM,2026-09-04 11:04:00 PM,2026-09-04 06:22:00 PM,2026-09-05 06:01:00 AM,2026-09-05 12:11:30 AM,2026-09-04 11:47:30 PM,2026-09-05 12:35:30 AM,0,,,False,,,ASHTAMI_ROHINI_OVERLAP_THEN_NEXT_NISHITA,False,False,,"Sri Krishna Jayanthi Upavaasa - Friday, September 04, 2026 | Upavaasa is to be observed on this day and Nishita Puja is performed during the following night. | Nishita Madhya - 12:11 AM, Sep 05 | Nishita Puja Time - 11:47 PM, Sep 04 to 12:35 AM, Sep 05 | Duration - 00 Hours 48 Mins | After performing the Nishita Puja during the night, the fast should be broken the following morning only after completing the regular morning Puja."
2026-09-04,2026-09-04,Visakhapatnam,Andra Pradesh,India,Asia/Kolkata,1253102,Sri Krishna Jayanthi,Simha,Shravana,Krishna Paksha,Shukrawara,2026-09-04 02:25:00 AM,2026-09-05 12:13:00 AM,2026-09-04 12:29:00 AM,2026-09-04 11:04:00 PM,2026-09-04 02:25:00 AM,2026-09-04 11:04:00 PM,2026-09-04 06:09:00 PM,2026-09-05 05:44:00 AM,2026-09-04 11:56:30 PM,2026-09-04 11:32:30 PM,2026-09-05 12:20:30 AM,0,,,False,,,ASHTAMI_ROHINI_OVERLAP_THEN_NEXT_NISHITA,False,False,,"Sri Krishna Jayanthi Upavaasa - Friday, September 04, 2026 | Upavaasa is to be observed on this day and Nishita Puja is performed during the following night. | Nishita Madhya - 11:56 PM, Sep 04 | Nishita Puja Time - 11:32 PM, Sep 04 to 12:20 AM, Sep 05 | Duration - 00 Hours 48 Mins | After performing the Nishita Puja during the night, the fast should be broken the following morning only after completing the regular morning Puja."
2026-09-04,2026-09-04,Itanagar,Arunachal Pradesh,India,Asia/Kolkata,1269655,Sri Krishna Jayanthi,Simha,Shravana,Krishna Paksha,Shukrawara,2026-09-04 02:25:00 AM,2026-09-05 12:13:00 AM,2026-09-04 12:29:00 AM,2026-09-04 11:04:00 PM,2026-09-04 02:25:00 AM,2026-09-04 11:04:00 PM,2026-09-04 05:33:00 PM,2026-09-05 04:56:00 AM,2026-09-04 11:14:30 PM,2026-09-04 10:50:30 PM,2026-09-04 11:38:30 PM,0,,,False,,,ASHTAMI_ROHINI_OVERLAP_THEN_NEXT_NISHITA,False,False,,"Sri Krishna Jayanthi Upavaasa - Friday, September 04, 2026 | Upavaasa is to be observed on this day and Nishita Puja is performed during the following night. | Nishita Madhya - 11:14 PM, Sep 04 | Nishita Puja Time - 10:50 PM to 11:38 PM, Sep 04 | Duration - 00 Hours 48 Mins | After performing the Nishita Puja during the night, the fast should be broken the following morning only after completing the regular morning Puja."
2026-09-04,2026-09-04,Dibrugarh,Assam,India,Asia/Kolkata,1272648,Sri Krishna Jayanthi,Simha,Shravana,Krishna Paksha,Shukrawara,2026-09-04 02:25:00 AM,2026-09-05 12:13:00 AM,2026-09-04 12:29:00 AM,2026-09-04 11:04:00 PM,2026-09-04 02:25:00 AM,2026-09-04 11:04:00 PM,2026-09-04 05:28:00 PM,2026-09-05 04:51:00 AM,2026-09-04 11:09:30 PM,2026-09-04 10:45:30 PM,2026-09-04 11:33:30 PM,0,,,False,,,ASHTAMI_ROHINI_OVERLAP_THEN_NEXT_NISHITA,False,False,,"Sri Krishna Jayanthi Upavaasa - Friday, September 04, 2026 | Upavaasa is to be observed on this day and Nishita Puja is performed during the following night. | Nishita Madhya - 11:09 PM, Sep 04 | Nishita Puja Time - 10:45 PM to 11:33 PM, Sep 04 | Duration - 00 Hours 48 Mins | After performing the Nishita Puja during the night, the fast should be broken the following morning only after completing the regular morning Puja."
2026-09-04,2026-09-04,Guwahati,Assam,India,Asia/Kolkata,1271476,Sri Krishna Jayanthi,Simha,Shravana,Krishna Paksha,Shukrawara,2026-09-04 02:25:00 AM,2026-09-05 12:13:00 AM,2026-09-04 12:29:00 AM,2026-09-04 11:04:00 PM,2026-09-04 02:25:00 AM,2026-09-04 11:04:00 PM,2026-09-04 05:40:00 PM,2026-09-05 05:04:00 AM,2026-09-04 11:22:00 PM,2026-09-04 10:58:00 PM,2026-09-04 11:46:00 PM,0,,,False,,,ASHTAMI_ROHINI_OVERLAP_THEN_NEXT_NISHITA,False,False,,"Sri Krishna Jayanthi Upavaasa - Friday, September 04, 2026 | Upavaasa is to be observed on this day and Nishita Puja is performed during the following night. | Nishita Madhya - 11:22 PM, Sep 04 | Nishita Puja Time - 10:58 PM to 11:46 PM, Sep 04 | Duration - 00 Hours 48 Mins | After performing the Nishita Puja during the night, the fast should be broken the following morning only after completing the regular morning Puja."
2026-09-04,2026-09-04,Silchar,Assam,India,Asia/Kolkata,1256287,Sri Krishna Jayanthi,Simha,Shravana,Krishna Paksha,Shukrawara,2026-09-04 02:25:00 AM,2026-09-05 12:13:00 AM,2026-09-04 12:29:00 AM,2026-09-04 11:04:00 PM,2026-09-04 02:25:00 AM,2026-09-04 11:04:00 PM,2026-09-04 05:35:00 PM,2026-09-05 05:01:00 AM,2026-09-04 11:18:00 PM,2026-09-04 10:54:00 PM,2026-09-04 11:42:00 PM,0,,,False,,,ASHTAMI_ROHINI_OVERLAP_THEN_NEXT_NISHITA,False,False,,"Sri Krishna Jayanthi Upavaasa - Friday, September 04, 2026 | Upavaasa is to be observed on this day and Nishita Puja is performed during the following night. | Nishita Madhya - 11:18 PM, Sep 04 | Nishita Puja Time - 10:54 PM to 11:42 PM, Sep 04 | Duration - 00 Hours 48 Mins | After performing the Nishita Puja during the night, the fast should be broken the following morning only after completing the regular morning Puja."
2026-09-04,2026-09-04,Surat,Gujarat,India,Asia/Kolkata,1255364,Sri Krishna Jayanthi,Simha,Shravana,Krishna Paksha,Shukrawara,2026-09-04 02:25:00 AM,2026-09-05 12:13:00 AM,2026-09-04 12:29:00 AM,2026-09-04 11:04:00 PM,2026-09-04 02:25:00 AM,2026-09-04 11:04:00 PM,2026-09-04 06:52:00 PM,2026-09-05 06:23:00 AM,2026-09-05 12:37:30 AM,2026-09-05 12:13:30 AM,2026-09-05 01:01:30 AM,0,,,False,,,ASHTAMI_ROHINI_OVERLAP_THEN_NEXT_NISHITA,False,False,,"Sri Krishna Jayanthi Upavaasa - Friday, September 04, 2026 | Upavaasa is to be observed on this day and Nishita Puja is performed during the following night. | Nishita Madhya - 12:37 AM, Sep 05 | Nishita Puja Time - 12:13 AM to 1:01 AM, Sep 05 | Duration - 00 Hours 48 Mins | After performing the Nishita Puja during the night, the fast should be broken the following morning only after completing the regular morning Puja."
2026-09-04,2026-09-04,Vadodara,Gujarat,India,Asia/Kolkata,1253573,Sri Krishna Jayanthi,Simha,Shravana,Krishna Paksha,Shukrawara,2026-09-04 02:25:00 AM,2026-09-05 12:13:00 AM,2026-09-04 12:29:00 AM,2026-09-04 11:04:00 PM,2026-09-04 02:25:00 AM,2026-09-04 11:04:00 PM,2026-09-04 06:51:00 PM,2026-09-05 06:21:00 AM,2026-09-05 12:36:00 AM,2026-09-05 12:12:00 AM,2026-09-05 01:00:00 AM,0,,,False,,,ASHTAMI_ROHINI_OVERLAP_THEN_NEXT_NISHITA,False,False,,"Sri Krishna Jayanthi Upavaasa - Friday, September 04, 2026 | Upavaasa is to be observed on this day and Nishita Puja is performed during the following night. | Nishita Madhya - 12:36 AM, Sep 05 | Nishita Puja Time - 12:12 AM to 1:00 AM, Sep 05 | Duration - 00 Hours 48 Mins | After performing the Nishita Puja during the night, the fast should be broken the following morning only after completing the regular morning Puja."
2026-09-04,2026-09-04,Srinagar,Jammu and Kashmir,India,Asia/Kolkata,1255634,Sri Krishna Jayanthi,Simha,Shravana,Krishna Paksha,Shukrawara,2026-09-04 02:25:00 AM,2026-09-05 12:13:00 AM,2026-09-04 12:29:00 AM,2026-09-04 11:04:00 PM,2026-09-04 02:25:00 AM,2026-09-04 11:04:00 PM,2026-09-04 06:53:00 PM,2026-09-05 06:07:00 AM,2026-09-05 12:30:00 AM,2026-09-05 12:06:00 AM,2026-09-05 12:54:00 AM,0,,,False,,,ASHTAMI_ROHINI_OVERLAP_THEN_NEXT_NISHITA,False,False,,"Sri Krishna Jayanthi Upavaasa - Friday, September 04, 2026 | Upavaasa is to be observed on this day and Nishita Puja is performed during the following night. | Nishita Madhya - 12:30 AM, Sep 05 | Nishita Puja Time - 12:06 AM to 12:54 AM, Sep 05 | Duration - 00 Hours 48 Mins | After performing the Nishita Puja during the night, the fast should be broken the following morning only after completing the regular morning Puja."
2026-09-04,2026-09-04,Belgaum,Karnataka,India,Asia/Kolkata,1276533,Sri Krishna Jayanthi,Simha,Shravana,Krishna Paksha,Shukrawara,2026-09-04 02:25:00 AM,2026-09-05 12:13:00 AM,2026-09-04 12:29:00 AM,2026-09-04 11:04:00 PM,2026-09-04 02:25:00 AM,2026-09-04 11:04:00 PM,2026-09-04 06:42:00 PM,2026-09-05 06:19:00 AM,2026-09-05 12:30:30 AM,2026-09-05 12:06:30 AM,2026-09-05 12:54:30 AM,0,,,False,,,ASHTAMI_ROHINI_OVERLAP_THEN_NEXT_NISHITA,False,False,,"Sri Krishna Jayanthi Upavaasa - Friday, September 04, 2026 | Upavaasa is to be observed on this day and Nishita Puja is performed during the following night. | Nishita Madhya - 12:30 AM, Sep 05 | Nishita Puja Time - 12:06 AM to 12:54 AM, Sep 05 | Duration - 00 Hours 48 Mins | After performing the Nishita Puja during the night, the fast should be broken the following morning only after completing the regular morning Puja."
2026-09-04,2026-09-04,Bengaluru,Karnataka,India,Asia/Kolkata,1277333,Sri Krishna Jayanthi,Simha,Shravana,Krishna Paksha,Shukrawara,2026-09-04 02:25:00 AM,2026-09-05 12:13:00 AM,2026-09-04 12:29:00 AM,2026-09-04 11:04:00 PM,2026-09-04 02:25:00 AM,2026-09-04 11:04:00 PM,2026-09-04 06:29:00 PM,2026-09-05 06:09:00 AM,2026-09-05 12:19:00 AM,2026-09-04 11:55:00 PM,2026-09-05 12:43:00 AM,0,,,False,,,ASHTAMI_ROHINI_OVERLAP_THEN_NEXT_NISHITA,False,False,,"Sri Krishna Jayanthi Upavaasa - Friday, September 04, 2026 | Upavaasa is to be observed on this day and Nishita Puja is performed during the following night. | Nishita Madhya - 12:19 AM, Sep 05 | Nishita Puja Time - 11:55 PM, Sep 04 to 12:43 AM, Sep 05 | Duration - 00 Hours 48 Mins | After performing the Nishita Puja during the night, the fast should be broken the following morning only after completing the regular morning Puja."
2026-09-04,2026-09-04,Hubli,Karnataka,India,Asia/Kolkata,1269920,Sri Krishna Jayanthi,Simha,Shravana,Krishna Paksha,Shukrawara,2026-09-04 02:25:00 AM,2026-09-05 12:13:00 AM,2026-09-04 12:29:00 AM,2026-09-04 11:04:00 PM,2026-09-04 02:25:00 AM,2026-09-04 11:04:00 PM,2026-09-04 06:40:00 PM,2026-09-05 06:17:00 AM,2026-09-05 12:28:30 AM,2026-09-05 12:04:30 AM,2026-09-05 12:52:30 AM,0,,,False,,,ASHTAMI_ROHINI_OVERLAP_THEN_NEXT_NISHITA,False,False,,"Sri Krishna Jayanthi Upavaasa - Friday, September 04, 2026 | Upavaasa is to be observed on this day and Nishita Puja is performed during the following night. | Nishita Madhya - 12:28 AM, Sep 05 | Nishita Puja Time - 12:04 AM to 12:52 AM, Sep 05 | Duration - 00 Hours 48 Mins | After performing the Nishita Puja during the night, the fast should be broken the following morning only after completing the regular morning Puja."
2026-09-04,2026-09-04,Mangalore,Karnataka,India,Asia/Kolkata,1263780,Sri Krishna Jayanthi,Simha,Shravana,Krishna Paksha,Shukrawara,2026-09-04 02:25:00 AM,2026-09-05 12:13:00 AM,2026-09-04 12:29:00 AM,2026-09-04 11:04:00 PM,2026-09-04 02:25:00 AM,2026-09-04 11:04:00 PM,2026-09-04 06:39:00 PM,2026-09-05 06:20:00 AM,2026-09-05 12:29:30 AM,2026-09-05 12:05:30 AM,2026-09-05 12:53:30 AM,0,,,False,,,ASHTAMI_ROHINI_OVERLAP_THEN_NEXT_NISHITA,False,False,,"Sri Krishna Jayanthi Upavaasa - Friday, September 04, 2026 | Upavaasa is to be observed on this day and Nishita Puja is performed during the following night. | Nishita Madhya - 12:29 AM, Sep 05 | Nishita Puja Time - 12:05 AM to 12:53 AM, Sep 05 | Duration - 00 Hours 48 Mins | After performing the Nishita Puja during the night, the fast should be broken the following morning only after completing the regular morning Puja."
2026-09-04,2026-09-04,Mysuru,Karnataka,India,Asia/Kolkata,1262321,Sri Krishna Jayanthi,Simha,Shravana,Krishna Paksha,Shukrawara,2026-09-04 02:25:00 AM,2026-09-05 12:13:00 AM,2026-09-04 12:29:00 AM,2026-09-04 11:04:00 PM,2026-09-04 02:25:00 AM,2026-09-04 11:04:00 PM,2026-09-04 06:32:00 PM,2026-09-05 06:13:00 AM,2026-09-05 12:22:30 AM,2026-09-04 11:58:30 PM,2026-09-05 12:46:30 AM,0,,,False,,,ASHTAMI_ROHINI_OVERLAP_THEN_NEXT_NISHITA,False,False,,"Sri Krishna Jayanthi Upavaasa - Friday, September 04, 2026 | Upavaasa is to be observed on this day and Nishita Puja is performed during the following night. | Nishita Madhya - 12:22 AM, Sep 05 | Nishita Puja Time - 11:58 PM, Sep 04 to 12:46 AM, Sep 05 | Duration - 00 Hours 48 Mins | After performing the Nishita Puja during the night, the fast should be broken the following morning only after completing the regular morning Puja."
2026-09-04,2026-09-04,T Narasipura,Karnataka,India,Asia/Kolkata,1262321,Sri Krishna Jayanthi,Simha,Shravana,Krishna Paksha,Shukrawara,2026-09-04 02:25:00 AM,2026-09-05 12:13:00 AM,2026-09-04 12:29:00 AM,2026-09-04 11:04:00 PM,2026-09-04 02:25:00 AM,2026-09-04 11:04:00 PM,2026-09-04 06:32:00 PM,2026-09-05 06:13:00 AM,2026-09-05 12:22:30 AM,2026-09-04 11:58:30 PM,2026-09-05 12:46:30 AM,0,,,False,,,ASHTAMI_ROHINI_OVERLAP_THEN_NEXT_NISHITA,False,False,,"Sri Krishna Jayanthi Upavaasa - Friday, September 04, 2026 | Upavaasa is to be observed on this day and Nishita Puja is performed during the following night. | Nishita Madhya - 12:22 AM, Sep 05 | Nishita Puja Time - 11:58 PM, Sep 04 to 12:46 AM, Sep 05 | Duration - 00 Hours 48 Mins | After performing the Nishita Puja during the night, the fast should be broken the following morning only after completing the regular morning Puja."
2026-09-04,2026-09-04,Udupi,Karnataka,India,Asia/Kolkata,1253952,Sri Krishna Jayanthi,Simha,Shravana,Krishna Paksha,Shukrawara,2026-09-04 02:25:00 AM,2026-09-05 12:13:00 AM,2026-09-04 12:29:00 AM,2026-09-04 11:04:00 PM,2026-09-04 02:25:00 AM,2026-09-04 11:04:00 PM,2026-09-04 06:40:00 PM,2026-09-05 06:20:00 AM,2026-09-05 12:30:00 AM,2026-09-05 12:06:00 AM,2026-09-05 12:54:00 AM,0,,,False,,,ASHTAMI_ROHINI_OVERLAP_THEN_NEXT_NISHITA,False,False,,"Sri Krishna Jayanthi Upavaasa - Friday, September 04, 2026 | Upavaasa is to be observed on this day and Nishita Puja is performed during the following night. | Nishita Madhya - 12:30 AM, Sep 05 | Nishita Puja Time - 12:06 AM to 12:54 AM, Sep 05 | Duration - 00 Hours 48 Mins | After performing the Nishita Puja during the night, the fast should be broken the following morning only after completing the regular morning Puja."
2026-09-04,2026-09-04,Guruvayur,Kerala,India,Asia/Kolkata,1270603,Sri Krishna Jayanthi,Simha,Shravana,Krishna Paksha,Shukrawara,2026-09-04 02:25:00 AM,2026-09-05 12:13:00 AM,2026-09-04 12:29:00 AM,2026-09-04 11:04:00 PM,2026-09-04 02:25:00 AM,2026-09-04 11:04:00 PM,2026-09-04 06:34:00 PM,2026-09-05 06:16:00 AM,2026-09-05 12:25:00 AM,2026-09-05 12:01:00 AM,2026-09-05 12:49:00 AM,0,,,False,,,ASHTAMI_ROHINI_OVERLAP_THEN_NEXT_NISHITA,False,False,,"Sri Krishna Jayanthi Upavaasa - Friday, September 04, 2026 | Upavaasa is to be observed on this day and Nishita Puja is performed during the following night. | Nishita Madhya - 12:25 AM, Sep 05 | Nishita Puja Time - 12:01 AM to 12:49 AM, Sep 05 | Duration - 00 Hours 48 Mins | After performing the Nishita Puja during the night, the fast should be broken the following morning only after completing the regular morning Puja."
2026-09-04,2026-09-04,Thiruvananthapuram,Kerala,India,Asia/Kolkata,1254163,Sri Krishna Jayanthi,Simha,Shravana,Krishna Paksha,Shukrawara,2026-09-04 02:25:00 AM,2026-09-05 12:13:00 AM,2026-09-04 12:29:00 AM,2026-09-04 11:04:00 PM,2026-09-04 02:25:00 AM,2026-09-04 11:04:00 PM,2026-09-04 06:29:00 PM,2026-09-05 06:13:00 AM,2026-09-05 12:21:00 AM,2026-09-04 11:57:00 PM,2026-09-05 12:45:00 AM,0,,,False,,,ASHTAMI_ROHINI_OVERLAP_THEN_NEXT_NISHITA,False,False,,"Sri Krishna Jayanthi Upavaasa - Friday, September 04, 2026 | Upavaasa is to be observed on this day and Nishita Puja is performed during the following night. | Nishita Madhya - 12:21 AM, Sep 05 | Nishita Puja Time - 11:57 PM, Sep 04 to 12:45 AM, Sep 05 | Duration - 00 Hours 48 Mins | After performing the Nishita Puja during the night, the fast should be broken the following morning only after completing the regular morning Puja."
2026-09-04,2026-09-04,Bhopal,Madhya Pradesh,India,Asia/Kolkata,1275841,Sri Krishna Jayanthi,Simha,Shravana,Krishna Paksha,Shukrawara,2026-09-04 02:25:00 AM,2026-09-05 12:13:00 AM,2026-09-04 12:29:00 AM,2026-09-04 11:04:00 PM,2026-09-04 02:25:00 AM,2026-09-04 11:04:00 PM,2026-09-04 06:35:00 PM,2026-09-05 06:04:00 AM,2026-09-05 12:19:30 AM,2026-09-04 11:55:30 PM,2026-09-05 12:43:30 AM,0,,,False,,,ASHTAMI_ROHINI_OVERLAP_THEN_NEXT_NISHITA,False,False,,"Sri Krishna Jayanthi Upavaasa - Friday, September 04, 2026 | Upavaasa is to be observed on this day and Nishita Puja is performed during the following night. | Nishita Madhya - 12:19 AM, Sep 05 | Nishita Puja Time - 11:55 PM, Sep 04 to 12:43 AM, Sep 05 | Duration - 00 Hours 48 Mins | After performing the Nishita Puja during the night, the fast should be broken the following morning only after completing the regular morning Puja."
2026-09-04,2026-09-04,Kolhapur,Maharashtra,India,Asia/Kolkata,1266285,Sri Krishna Jayanthi,Simha,Shravana,Krishna Paksha,Shukrawara,2026-09-04 02:25:00 AM,2026-09-05 12:13:00 AM,2026-09-04 12:29:00 AM,2026-09-04 11:04:00 PM,2026-09-04 02:25:00 AM,2026-09-04 11:04:00 PM,2026-09-04 06:44:00 PM,2026-09-05 06:20:00 AM,2026-09-05 12:32:00 AM,2026-09-05 12:08:00 AM,2026-09-05 12:56:00 AM,0,,,False,,,ASHTAMI_ROHINI_OVERLAP_THEN_NEXT_NISHITA,False,False,,"Sri Krishna Jayanthi Upavaasa - Friday, September 04, 2026 | Upavaasa is to be observed on this day and Nishita Puja is performed during the following night. | Nishita Madhya - 12:32 AM, Sep 05 | Nishita Puja Time - 12:08 AM to 12:56 AM, Sep 05 | Duration - 00 Hours 48 Mins | After performing the Nishita Puja during the night, the fast should be broken the following morning only after completing the regular morning Puja."
2026-09-04,2026-09-04,Mumbai,Maharashtra,India,Asia/Kolkata,1275339,Sri Krishna Jayanthi,Simha,Shravana,Krishna Paksha,Shukrawara,2026-09-04 02:25:00 AM,2026-09-05 12:13:00 AM,2026-09-04 12:29:00 AM,2026-09-04 11:04:00 PM,2026-09-04 02:25:00 AM,2026-09-04 11:04:00 PM,2026-09-04 06:51:00 PM,2026-09-05 06:24:00 AM,2026-09-05 12:37:30 AM,2026-09-05 12:13:30 AM,2026-09-05 01:01:30 AM,0,,,False,,,ASHTAMI_ROHINI_OVERLAP_THEN_NEXT_NISHITA,False,False,,"Sri Krishna Jayanthi Upavaasa - Friday, September 04, 2026 | Upavaasa is to be observed on this day and Nishita Puja is performed during the following night. | Nishita Madhya - 12:37 AM, Sep 05 | Nishita Puja Time - 12:13 AM to 1:01 AM, Sep 05 | Duration - 00 Hours 48 Mins | After performing the Nishita Puja during the night, the fast should be broken the following morning only after completing the regular morning Puja."
2026-09-04,2026-09-04,Nagpur,Maharashtra,India,Asia/Kolkata,1262180,Sri Krishna Jayanthi,Simha,Shravana,Krishna Paksha,Shukrawara,2026-09-04 02:25:00 AM,2026-09-05 12:13:00 AM,2026-09-04 12:29:00 AM,2026-09-04 11:04:00 PM,2026-09-04 02:25:00 AM,2026-09-04 11:04:00 PM,2026-09-04 06:27:00 PM,2026-09-05 05:58:00 AM,2026-09-05 12:12:30 AM,2026-09-04 11:48:30 PM,2026-09-05 12:36:30 AM,0,,,False,,,ASHTAMI_ROHINI_OVERLAP_THEN_NEXT_NISHITA,False,False,,"Sri Krishna Jayanthi Upavaasa - Friday, September 04, 2026 | Upavaasa is to be observed on this day and Nishita Puja is performed during the following night. | Nishita Madhya - 12:12 AM, Sep 05 | Nishita Puja Time - 11:48 PM, Sep 04 to 12:36 AM, Sep 05 | Duration - 00 Hours 48 Mins | After performing the Nishita Puja during the night, the fast should be broken the following morning only after completing the regular morning Puja."
2026-09-04,2026-09-04,Pandharpur,Maharashtra,India,Asia/Kolkata,1260546,Sri Krishna Jayanthi,Simha,Shravana,Krishna Paksha,Shukrawara,2026-09-04 02:25:00 AM,2026-09-05 12:13:00 AM,2026-09-04 12:29:00 AM,2026-09-04 11:04:00 PM,2026-09-04 02:25:00 AM,2026-09-04 11:04:00 PM,2026-09-04 06:40:00 PM,2026-09-05 06:15:00 AM,2026-09-05 12:27:30 AM,2026-09-05 12:03:30 AM,2026-09-05 12:51:30 AM,0,,,False,,,ASHTAMI_ROHINI_OVERLAP_THEN_NEXT_NISHITA,False,False,,"Sri Krishna Jayanthi Upavaasa - Friday, September 04, 2026 | Upavaasa is to be observed on this day and Nishita Puja is performed during the following night. | Nishita Madhya - 12:27 AM, Sep 05 | Nishita Puja Time - 12:03 AM to 12:51 AM, Sep 05 | Duration - 00 Hours 48 Mins | After performing the Nishita Puja during the night, the fast should be broken the following morning only after completing the regular morning Puja."
2026-09-04,2026-09-04,Pune,Maharashtra,India,Asia/Kolkata,1259229,Sri Krishna Jayanthi,Simha,Shravana,Krishna Paksha,Shukrawara,2026-09-04 02:25:00 AM,2026-09-05 12:13:00 AM,2026-09-04 12:29:00 AM,2026-09-04 11:04:00 PM,2026-09-04 02:25:00 AM,2026-09-04 11:04:00 PM,2026-09-04 06:47:00 PM,2026-09-05 06:21:00 AM,2026-09-05 12:34:00 AM,2026-09-05 12:10:00 AM,2026-09-05 12:58:00 AM,0,,,False,,,ASHTAMI_ROHINI_OVERLAP_THEN_NEXT_NISHITA,False,False,,"Sri Krishna Jayanthi Upavaasa - Friday, September 04, 2026 | Upavaasa is to be observed on this day and Nishita Puja is performed during the following night. | Nishita Madhya - 12:34 AM, Sep 05 | Nishita Puja Time - 12:10 AM to 12:58 AM, Sep 05 | Duration - 00 Hours 48 Mins | After performing the Nishita Puja during the night, the fast should be broken the following morning only after completing the regular morning Puja."
2026-09-04,2026-09-04,Imphal,Manipur,India,Asia/Kolkata,1269771,Sri Krishna Jayanthi,Simha,Shravana,Krishna Paksha,Shukrawara,2026-09-04 02:25:00 AM,2026-09-05 12:13:00 AM,2026-09-04 12:29:00 AM,2026-09-04 11:04:00 PM,2026-09-04 02:25:00 AM,2026-09-04 11:04:00 PM,2026-09-04 05:30:00 PM,2026-09-05 04:57:00 AM,2026-09-04 11:13:30 PM,2026-09-04 10:49:30 PM,2026-09-04 11:37:30 PM,0,,,False,,,ASHTAMI_ROHINI_OVERLAP_THEN_NEXT_NISHITA,False,False,,"Sri Krishna Jayanthi Upavaasa - Friday, September 04, 2026 | Upavaasa is to be observed on this day and Nishita Puja is performed during the following night. | Nishita Madhya - 11:13 PM, Sep 04 | Nishita Puja Time - 10:49 PM to 11:37 PM, Sep 04 | Duration - 00 Hours 48 Mins | After performing the Nishita Puja during the night, the fast should be broken the following morning only after completing the regular morning Puja."
2026-09-04,2026-09-04,Aizawl,Mizoram,India,Asia/Kolkata,1279186,Sri Krishna Jayanthi,Simha,Shravana,Krishna Paksha,Shukrawara,2026-09-04 02:25:00 AM,2026-09-05 12:13:00 AM,2026-09-04 12:29:00 AM,2026-09-04 11:04:00 PM,2026-09-04 02:25:00 AM,2026-09-04 11:04:00 PM,2026-09-04 05:34:00 PM,2026-09-05 05:02:00 AM,2026-09-04 11:18:00 PM,2026-09-04 10:54:00 PM,2026-09-04 11:42:00 PM,0,,,False,,,ASHTAMI_ROHINI_OVERLAP_THEN_NEXT_NISHITA,False,False,,"Sri Krishna Jayanthi Upavaasa - Friday, September 04, 2026 | Upavaasa is to be observed on this day and Nishita Puja is performed during the following night. | Nishita Madhya - 11:18 PM, Sep 04 | Nishita Puja Time - 10:54 PM to 11:42 PM, Sep 04 | Duration - 00 Hours 48 Mins | After performing the Nishita Puja during the night, the fast should be broken the following morning only after completing the regular morning Puja."
2026-09-04,2026-09-04,Dimapur,Nagaland,India,Asia/Kolkata,1272552,Sri Krishna Jayanthi,Simha,Shravana,Krishna Paksha,Shukrawara,2026-09-04 02:25:00 AM,2026-09-05 12:13:00 AM,2026-09-04 12:29:00 AM,2026-09-04 11:04:00 PM,2026-09-04 02:25:00 AM,2026-09-04 11:04:00 PM,2026-09-04 05:32:00 PM,2026-09-05 04:57:00 AM,2026-09-04 11:14:30 PM,2026-09-04 10:50:30 PM,2026-09-04 11:38:30 PM,0,,,False,,,ASHTAMI_ROHINI_OVERLAP_THEN_NEXT_NISHITA,False,False,,"Sri Krishna Jayanthi Upavaasa - Friday, September 04, 2026 | Upavaasa is to be observed on this day and Nishita Puja is performed during the following night. | Nishita Madhya - 11:14 PM, Sep 04 | Nishita Puja Time - 10:50 PM to 11:38 PM, Sep 04 | Duration - 00 Hours 48 Mins | After performing the Nishita Puja during the night, the fast should be broken the following morning only after completing the regular morning Puja."
2026-09-04,2026-09-04,Bhubaneswar,Odisha,India,Asia/Kolkata,1275817,Sri Krishna Jayanthi,Simha,Shravana,Krishna Paksha,Shukrawara,2026-09-04 02:25:00 AM,2026-09-05 12:13:00 AM,2026-09-04 12:29:00 AM,2026-09-04 11:04:00 PM,2026-09-04 02:25:00 AM,2026-09-04 11:04:00 PM,2026-09-04 06:00:00 PM,2026-09-05 05:32:00 AM,2026-09-04 11:46:00 PM,2026-09-04 11:22:00 PM,2026-09-05 12:10:00 AM,0,,,False,,,ASHTAMI_ROHINI_OVERLAP_THEN_NEXT_NISHITA,False,False,,"Sri Krishna Jayanthi Upavaasa - Friday, September 04, 2026 | Upavaasa is to be observed on this day and Nishita Puja is performed during the following night. | Nishita Madhya - 11:46 PM, Sep 04 | Nishita Puja Time - 11:22 PM, Sep 04 to 12:10 AM, Sep 05 | Duration - 00 Hours 48 Mins | After performing the Nishita Puja during the night, the fast should be broken the following morning only after completing the regular morning Puja."
2026-09-04,2026-09-04,Gangtok,Sikkim,India,Asia/Kolkata,1271631,Sri Krishna Jayanthi,Simha,Shravana,Krishna Paksha,Shukrawara,2026-09-04 02:25:00 AM,2026-09-05 12:13:00 AM,2026-09-04 12:29:00 AM,2026-09-04 11:04:00 PM,2026-09-04 02:25:00 AM,2026-09-04 11:04:00 PM,2026-09-04 05:53:00 PM,2026-09-05 05:16:00 AM,2026-09-04 11:34:30 PM,2026-09-04 11:10:30 PM,2026-09-04 11:58:30 PM,0,,,False,,,ASHTAMI_ROHINI_OVERLAP_THEN_NEXT_NISHITA,False,False,,"Sri Krishna Jayanthi Upavaasa - Friday, September 04, 2026 | Upavaasa is to be observed on this day and Nishita Puja is performed during the following night. | Nishita Madhya - 11:34 PM, Sep 04 | Nishita Puja Time - 11:10 PM to 11:58 PM, Sep 04 | Duration - 00 Hours 48 Mins | After performing the Nishita Puja during the night, the fast should be broken the following morning only after completing the regular morning Puja."
2026-09-04,2026-09-04,Chennai,Tamil Nadu,India,Asia/Kolkata,1264527,Sri Krishna Jayanthi,Simha,Shravana,Krishna Paksha,Shukrawara,2026-09-04 02:25:00 AM,2026-09-05 12:13:00 AM,2026-09-04 12:29:00 AM,2026-09-04 11:04:00 PM,2026-09-04 02:25:00 AM,2026-09-04 11:04:00 PM,2026-09-04 06:18:00 PM,2026-09-05 05:58:00 AM,2026-09-05 12:08:00 AM,2026-09-04 11:44:00 PM,2026-09-05 12:32:00 AM,0,,,False,,,ASHTAMI_ROHINI_OVERLAP_THEN_NEXT_NISHITA,False,False,,"Sri Krishna Jayanthi Upavaasa - Friday, September 04, 2026 | Upavaasa is to be observed on this day and Nishita Puja is performed during the following night. | Nishita Madhya - 12:08 AM, Sep 05 | Nishita Puja Time - 11:44 PM, Sep 04 to 12:32 AM, Sep 05 | Duration - 00 Hours 48 Mins | After performing the Nishita Puja during the night, the fast should be broken the following morning only after completing the regular morning Puja."
2026-09-04,2026-09-04,Chidambaram,Tamil Nadu,India,Asia/Kolkata,1274256,Sri Krishna Jayanthi,Simha,Shravana,Krishna Paksha,Shukrawara,2026-09-04 02:25:00 AM,2026-09-05 12:13:00 AM,2026-09-04 12:29:00 AM,2026-09-04 11:04:00 PM,2026-09-04 02:25:00 AM,2026-09-04 11:04:00 PM,2026-09-04 06:19:00 PM,2026-09-05 06:01:00 AM,2026-09-05 12:10:00 AM,2026-09-04 11:46:00 PM,2026-09-05 12:34:00 AM,0,,,False,,,ASHTAMI_ROHINI_OVERLAP_THEN_NEXT_NISHITA,False,False,,"Sri Krishna Jayanthi Upavaasa - Friday, September 04, 2026 | Upavaasa is to be observed on this day and Nishita Puja is performed during the following night. | Nishita Madhya - 12:10 AM, Sep 05 | Nishita Puja Time - 11:46 PM, Sep 04 to 12:34 AM, Sep 05 | Duration - 00 Hours 48 Mins | After performing the Nishita Puja during the night, the fast should be broken the following morning only after completing the regular morning Puja."
2026-09-04,2026-09-04,Coimbatore,Tamil Nadu,India,Asia/Kolkata,1273865,Sri Krishna Jayanthi,Simha,Shravana,Krishna Paksha,Shukrawara,2026-09-04 02:25:00 AM,2026-09-05 12:13:00 AM,2026-09-04 12:29:00 AM,2026-09-04 11:04:00 PM,2026-09-04 02:25:00 AM,2026-09-04 11:04:00 PM,2026-09-04 06:30:00 PM,2026-09-05 06:12:00 AM,2026-09-05 12:21:00 AM,2026-09-04 11:57:00 PM,2026-09-05 12:45:00 AM,0,,,False,,,ASHTAMI_ROHINI_OVERLAP_THEN_NEXT_NISHITA,False,False,,"Sri Krishna Jayanthi Upavaasa - Friday, September 04, 2026 | Upavaasa is to be observed on this day and Nishita Puja is performed during the following night. | Nishita Madhya - 12:21 AM, Sep 05 | Nishita Puja Time - 11:57 PM, Sep 04 to 12:45 AM, Sep 05 | Duration - 00 Hours 48 Mins | After performing the Nishita Puja during the night, the fast should be broken the following morning only after completing the regular morning Puja."
2026-09-04,2026-09-04,Kanchipuram,Tamil Nadu,India,Asia/Kolkata,1268159,Sri Krishna Jayanthi,Simha,Shravana,Krishna Paksha,Shukrawara,2026-09-04 02:25:00 AM,2026-09-05 12:13:00 AM,2026-09-04 12:29:00 AM,2026-09-04 11:04:00 PM,2026-09-04 02:25:00 AM,2026-09-04 11:04:00 PM,2026-09-04 06:20:00 PM,2026-09-05 06:00:00 AM,2026-09-05 12:10:00 AM,2026-09-04 11:46:00 PM,2026-09-05 12:34:00 AM,0,,,False,,,ASHTAMI_ROHINI_OVERLAP_THEN_NEXT_NISHITA,False,False,,"Sri Krishna Jayanthi Upavaasa - Friday, September 04, 2026 | Upavaasa is to be observed on this day and Nishita Puja is performed during the following night. | Nishita Madhya - 12:10 AM, Sep 05 | Nishita Puja Time - 11:46 PM, Sep 04 to 12:34 AM, Sep 05 | Duration - 00 Hours 48 Mins | After performing the Nishita Puja during the night, the fast should be broken the following morning only after completing the regular morning Puja."
2026-09-04,2026-09-04,Kumbakonam,Tamil Nadu,India,Asia/Kolkata,1265683,Sri Krishna Jayanthi,Simha,Shravana,Krishna Paksha,Shukrawara,2026-09-04 02:25:00 AM,2026-09-05 12:13:00 AM,2026-09-04 12:29:00 AM,2026-09-04 11:04:00 PM,2026-09-04 02:25:00 AM,2026-09-04 11:04:00 PM,2026-09-04 06:20:00 PM,2026-09-05 06:02:00 AM,2026-09-05 12:11:00 AM,2026-09-04 11:47:00 PM,2026-09-05 12:35:00 AM,0,,,False,,,ASHTAMI_ROHINI_OVERLAP_THEN_NEXT_NISHITA,False,False,,"Sri Krishna Jayanthi Upavaasa - Friday, September 04, 2026 | Upavaasa is to be observed on this day and Nishita Puja is performed during the following night. | Nishita Madhya - 12:11 AM, Sep 05 | Nishita Puja Time - 11:47 PM, Sep 04 to 12:35 AM, Sep 05 | Duration - 00 Hours 48 Mins | After performing the Nishita Puja during the night, the fast should be broken the following morning only after completing the regular morning Puja."
2026-09-04,2026-09-04,Madurai,Tamil Nadu,India,Asia/Kolkata,1264521,Sri Krishna Jayanthi,Simha,Shravana,Krishna Paksha,Shukrawara,2026-09-04 02:25:00 AM,2026-09-05 12:13:00 AM,2026-09-04 12:29:00 AM,2026-09-04 11:04:00 PM,2026-09-04 02:25:00 AM,2026-09-04 11:04:00 PM,2026-09-04 06:25:00 PM,2026-09-05 06:08:00 AM,2026-09-05 12:16:30 AM,2026-09-04 11:52:30 PM,2026-09-05 12:40:30 AM,0,,,False,,,ASHTAMI_ROHINI_OVERLAP_THEN_NEXT_NISHITA,False,False,,"Sri Krishna Jayanthi Upavaasa - Friday, September 04, 2026 | Upavaasa is to be observed on this day and Nishita Puja is performed during the following night. | Nishita Madhya - 12:16 AM, Sep 05 | Nishita Puja Time - 11:52 PM, Sep 04 to 12:40 AM, Sep 05 | Duration - 00 Hours 48 Mins | After performing the Nishita Puja during the night, the fast should be broken the following morning only after completing the regular morning Puja."
2026-09-04,2026-09-04,Srirangam,Tamil Nadu,India,Asia/Kolkata,1254388,Sri Krishna Jayanthi,Simha,Shravana,Krishna Paksha,Shukrawara,2026-09-04 02:25:00 AM,2026-09-05 12:13:00 AM,2026-09-04 12:29:00 AM,2026-09-04 11:04:00 PM,2026-09-04 02:25:00 AM,2026-09-04 11:04:00 PM,2026-09-04 06:23:00 PM,2026-09-05 06:05:00 AM,2026-09-05 12:14:00 AM,2026-09-04 11:50:00 PM,2026-09-05 12:38:00 AM,0,,,False,,,ASHTAMI_ROHINI_OVERLAP_THEN_NEXT_NISHITA,False,False,,"Sri Krishna Jayanthi Upavaasa - Friday, September 04, 2026 | Upavaasa is to be observed on this day and Nishita Puja is performed during the following night. | Nishita Madhya - 12:14 AM, Sep 05 | Nishita Puja Time - 11:50 PM, Sep 04 to 12:38 AM, Sep 05 | Duration - 00 Hours 48 Mins | After performing the Nishita Puja during the night, the fast should be broken the following morning only after completing the regular morning Puja."
2026-09-04,2026-09-04,Hyderabad,Telangana,India,Asia/Kolkata,1269843,Sri Krishna Jayanthi,Simha,Shravana,Krishna Paksha,Shukrawara,2026-09-04 02:25:00 AM,2026-09-05 12:13:00 AM,2026-09-04 12:29:00 AM,2026-09-04 11:04:00 PM,2026-09-04 02:25:00 AM,2026-09-04 11:04:00 PM,2026-09-04 06:28:00 PM,2026-09-05 06:03:00 AM,2026-09-05 12:15:30 AM,2026-09-04 11:51:30 PM,2026-09-05 12:39:30 AM,0,,,False,,,ASHTAMI_ROHINI_OVERLAP_THEN_NEXT_NISHITA,False,False,,"Sri Krishna Jayanthi Upavaasa - Friday, September 04, 2026 | Upavaasa is to be observed on this day and Nishita Puja is performed during the following night. | Nishita Madhya - 12:15 AM, Sep 05 | Nishita Puja Time - 11:51 PM, Sep 04 to 12:39 AM, Sep 05 | Duration - 00 Hours 48 Mins | After performing the Nishita Puja during the night, the fast should be broken the following morning only after completing the regular morning Puja."
2026-09-04,2026-09-04,Agartala,Tripura,India,Asia/Kolkata,1279290,Sri Krishna Jayanthi,Simha,Shravana,Krishna Paksha,Shukrawara,2026-09-04 02:25:00 AM,2026-09-05 12:13:00 AM,2026-09-04 12:29:00 AM,2026-09-04 11:04:00 PM,2026-09-04 02:25:00 AM,2026-09-04 11:04:00 PM,2026-09-04 05:40:00 PM,2026-09-05 05:08:00 AM,2026-09-04 11:24:00 PM,2026-09-04 11:00:00 PM,2026-09-04 11:48:00 PM,0,,,False,,,ASHTAMI_ROHINI_OVERLAP_THEN_NEXT_NISHITA,False,False,,"Sri Krishna Jayanthi Upavaasa - Friday, September 04, 2026 | Upavaasa is to be observed on this day and Nishita Puja is performed during the following night. | Nishita Madhya - 11:24 PM, Sep 04 | Nishita Puja Time - 11:00 PM to 11:48 PM, Sep 04 | Duration - 00 Hours 48 Mins | After performing the Nishita Puja during the night, the fast should be broken the following morning only after completing the regular morning Puja."
2026-09-04,2026-09-04,Ayodhya,Uttar Pradesh,India,Asia/Kolkata,1278094,Sri Krishna Jayanthi,Simha,Shravana,Krishna Paksha,Shukrawara,2026-09-04 02:25:00 AM,2026-09-05 12:13:00 AM,2026-09-04 12:29:00 AM,2026-09-04 11:04:00 PM,2026-09-04 02:25:00 AM,2026-09-04 11:04:00 PM,2026-09-04 06:18:00 PM,2026-09-05 05:42:00 AM,2026-09-05 12:00:00 AM,2026-09-04 11:36:00 PM,2026-09-05 12:24:00 AM,0,,,False,,,ASHTAMI_ROHINI_OVERLAP_THEN_NEXT_NISHITA,False,False,,"Sri Krishna Jayanthi Upavaasa - Friday, September 04, 2026 | Upavaasa is to be observed on this day and Nishita Puja is performed during the following night. | Nishita Madhya - 12:00 AM, Sep 05 | Nishita Puja Time - 11:36 PM, Sep 04 to 12:24 AM, Sep 05 | Duration - 00 Hours 48 Mins | After performing the Nishita Puja during the night, the fast should be broken the following morning only after completing the regular morning Puja."
2026-09-04,2026-09-04,Lucknow,Uttar Pradesh,India,Asia/Kolkata,1264733,Sri Krishna Jayanthi,Simha,Shravana,Krishna Paksha,Shukrawara,2026-09-04 02:25:00 AM,2026-09-05 12:13:00 AM,2026-09-04 12:29:00 AM,2026-09-04 11:04:00 PM,2026-09-04 02:25:00 AM,2026-09-04 11:04:00 PM,2026-09-04 06:23:00 PM,2026-09-05 05:47:00 AM,2026-09-05 12:05:00 AM,2026-09-04 11:41:00 PM,2026-09-05 12:29:00 AM,0,,,False,,,ASHTAMI_ROHINI_OVERLAP_THEN_NEXT_NISHITA,False,False,,"Sri Krishna Jayanthi Upavaasa - Friday, September 04, 2026 | Upavaasa is to be observed on this day and Nishita Puja is performed during the following night. | Nishita Madhya - 12:05 AM, Sep 05 | Nishita Puja Time - 11:41 PM, Sep 04 to 12:29 AM, Sep 05 | Duration - 00 Hours 48 Mins | After performing the Nishita Puja during the night, the fast should be broken the following morning only after completing the regular morning Puja."
2026-09-04,2026-09-04,Prayagraj,Uttar Pradesh,India,Asia/Kolkata,1278994,Sri Krishna Jayanthi,Simha,Shravana,Krishna Paksha,Shukrawara,2026-09-04 02:25:00 AM,2026-09-05 12:13:00 AM,2026-09-04 12:29:00 AM,2026-09-04 11:04:00 PM,2026-09-04 02:25:00 AM,2026-09-04 11:04:00 PM,2026-09-04 06:19:00 PM,2026-09-05 05:45:00 AM,2026-09-05 12:02:00 AM,2026-09-04 11:38:00 PM,2026-09-05 12:26:00 AM,0,,,False,,,ASHTAMI_ROHINI_OVERLAP_THEN_NEXT_NISHITA,False,False,,"Sri Krishna Jayanthi Upavaasa - Friday, September 04, 2026 | Upavaasa is to be observed on this day and Nishita Puja is performed during the following night. | Nishita Madhya - 12:02 AM, Sep 05 | Nishita Puja Time - 11:38 PM, Sep 04 to 12:26 AM, Sep 05 | Duration - 00 Hours 48 Mins | After performing the Nishita Puja during the night, the fast should be broken the following morning only after completing the regular morning Puja."
2026-09-04,2026-09-04,Varanasi,Uttar Pradesh,India,Asia/Kolkata,1253405,Sri Krishna Jayanthi,Simha,Shravana,Krishna Paksha,Shukrawara,2026-09-04 02:25:00 AM,2026-09-05 12:13:00 AM,2026-09-04 12:29:00 AM,2026-09-04 11:04:00 PM,2026-09-04 02:25:00 AM,2026-09-04 11:04:00 PM,2026-09-04 06:14:00 PM,2026-09-05 05:40:00 AM,2026-09-04 11:57:00 PM,2026-09-04 11:33:00 PM,2026-09-05 12:21:00 AM,0,,,False,,,ASHTAMI_ROHINI_OVERLAP_THEN_NEXT_NISHITA,False,False,,"Sri Krishna Jayanthi Upavaasa - Friday, September 04, 2026 | Upavaasa is to be observed on this day and Nishita Puja is performed during the following night. | Nishita Madhya - 11:57 PM, Sep 04 | Nishita Puja Time - 11:33 PM, Sep 04 to 12:21 AM, Sep 05 | Duration - 00 Hours 48 Mins | After performing the Nishita Puja during the night, the fast should be broken the following morning only after completing the regular morning Puja."
2026-09-04,2026-09-04,Kolkata,West Bengal,India,Asia/Kolkata,1275004,Sri Krishna Jayanthi,Simha,Shravana,Krishna Paksha,Shukrawara,2026-09-04 02:25:00 AM,2026-09-05 12:13:00 AM,2026-09-04 12:29:00 AM,2026-09-04 11:04:00 PM,2026-09-04 02:25:00 AM,2026-09-04 11:04:00 PM,2026-09-04 05:51:00 PM,2026-09-05 05:20:00 AM,2026-09-04 11:35:30 PM,2026-09-04 11:11:30 PM,2026-09-04 11:59:30 PM,0,,,False,,,ASHTAMI_ROHINI_OVERLAP_THEN_NEXT_NISHITA,False,False,,"Sri Krishna Jayanthi Upavaasa - Friday, September 04, 2026 | Upavaasa is to be observed on this day and Nishita Puja is performed during the following night. | Nishita Madhya - 11:35 PM, Sep 04 | Nishita Puja Time - 11:11 PM to 11:59 PM, Sep 04 | Duration - 00 Hours 48 Mins | After performing the Nishita Puja during the night, the fast should be broken the following morning only after completing the regular morning Puja."
2026-09-04,2026-09-04,Shiliguri,West Bengal,India,Asia/Kolkata,1256525,Sri Krishna Jayanthi,Simha,Shravana,Krishna Paksha,Shukrawara,2026-09-04 02:25:00 AM,2026-09-05 12:13:00 AM,2026-09-04 12:29:00 AM,2026-09-04 11:04:00 PM,2026-09-04 02:25:00 AM,2026-09-04 11:04:00 PM,2026-09-04 05:53:00 PM,2026-09-05 05:17:00 AM,2026-09-04 11:35:00 PM,2026-09-04 11:11:00 PM,2026-09-04 11:59:00 PM,0,,,False,,,ASHTAMI_ROHINI_OVERLAP_THEN_NEXT_NISHITA,False,False,,"Sri Krishna Jayanthi Upavaasa - Friday, September 04, 2026 | Upavaasa is to be observed on this day and Nishita Puja is performed during the following night. | Nishita Madhya - 11:35 PM, Sep 04 | Nishita Puja Time - 11:11 PM to 11:59 PM, Sep 04 | Duration - 00 Hours 48 Mins | After performing the Nishita Puja during the night, the fast should be broken the following morning only after completing the regular morning Puja."
2026-09-04,2026-09-04,Kuwait,Al Asimah,Kuwait,Asia/Kuwait,285787,Sri Krishna Jayanthi,Simha,Shravana,Krishna Paksha,Shukrawara,2026-09-03 11:55:00 PM,2026-09-04 09:43:00 PM,2026-09-03 09:59:00 PM,2026-09-04 08:34:00 PM,2026-09-03 11:55:00 PM,2026-09-04 08:34:00 PM,2026-09-04 06:07:00 PM,2026-09-05 05:28:00 AM,2026-09-04 11:47:30 PM,2026-09-04 11:23:30 PM,2026-09-05 12:11:30 AM,0,,,False,,,ASHTAMI_ROHINI_OVERLAP_THEN_NEXT_NISHITA,False,False,,"Sri Krishna Jayanthi Upavaasa - Friday, September 04, 2026 | Upavaasa is to be observed on this day and Nishita Puja is performed during the following night. | Nishita Madhya - 11:47 PM, Sep 04 | Nishita Puja Time - 11:23 PM, Sep 04 to 12:11 AM, Sep 05 | Duration - 00 Hours 48 Mins | After performing the Nishita Puja during the night, the fast should be broken the following morning only after completing the regular morning Puja."
2026-09-04,2026-09-04,Doha,Baladīyat ad Dawḩah,Qatar,Asia/Qatar,290030,Sri Krishna Jayanthi,Simha,Shravana,Krishna Paksha,Shukrawara,2026-09-03 11:55:00 PM,2026-09-04 09:43:00 PM,2026-09-03 09:59:00 PM,2026-09-04 08:34:00 PM,2026-09-03 11:55:00 PM,2026-09-04 08:34:00 PM,2026-09-04 05:50:00 PM,2026-09-05 05:16:00 AM,2026-09-04 11:33:00 PM,2026-09-04 11:09:00 PM,2026-09-04 11:57:00 PM,0,,,False,,,ASHTAMI_ROHINI_OVERLAP_THEN_NEXT_NISHITA,False,False,,"Sri Krishna Jayanthi Upavaasa - Friday, September 04, 2026 | Upavaasa is to be observed on this day and Nishita Puja is performed during the following night. | Nishita Madhya - 11:33 PM, Sep 04 | Nishita Puja Time - 11:09 PM to 11:57 PM, Sep 04 | Duration - 00 Hours 48 Mins | After performing the Nishita Puja during the night, the fast should be broken the following morning only after completing the regular morning Puja."
2026-09-04,2026-09-04,Seoul,Seoul,South Korea,Asia/Seoul,1835848,Sri Krishna Jayanthi,Simha,Shravana,Krishna Paksha,Shukrawara,2026-09-04 05:55:00 AM,2026-09-05 03:43:00 AM,2026-09-04 03:59:00 AM,2026-09-05 02:34:00 AM,2026-09-04 05:55:00 AM,2026-09-05 02:34:00 AM,2026-09-04 06:57:00 PM,2026-09-05 06:05:00 AM,2026-09-05 12:31:00 AM,2026-09-05 12:07:00 AM,2026-09-05 12:55:00 AM,1,1,Only one Nishita falls inside the Ashtami-Rohini joint overlap.,False,,,ASHTAMI_ROHINI_AT_NISHITA,False,False,,"Sri Krishna Jayanthi Upavaasa - Friday, September 04, 2026 | Upavaasa is to be observed on this day and Nishita Puja is performed during the following night. | Nishita Madhya - 12:31 AM, Sep 05 | Nishita Puja Time - 12:07 AM to 12:55 AM, Sep 05 | Duration - 00 Hours 48 Mins | After performing the Nishita Puja during the night, the fast should be broken the following morning only after completing the regular morning Puja."
2026-09-04,2026-09-04,Adelaide,South Australia,Australia,Australia/Adelaide,2078025,Sri Krishna Jayanthi,Simha,Shravana,Krishna Paksha,Shukrawara,2026-09-04 06:25:00 AM,2026-09-05 04:13:00 AM,2026-09-04 04:29:00 AM,2026-09-05 03:04:00 AM,2026-09-04 06:25:00 AM,2026-09-05 03:04:00 AM,2026-09-04 05:59:00 PM,2026-09-05 06:30:00 AM,2026-09-05 12:14:30 AM,2026-09-04 11:50:30 PM,2026-09-05 12:38:30 AM,1,1,Only one Nishita falls inside the Ashtami-Rohini joint overlap.,False,,,ASHTAMI_ROHINI_AT_NISHITA,False,False,,"Sri Krishna Jayanthi Upavaasa - Friday, September 04, 2026 | Upavaasa is to be observed on this day and Nishita Puja is performed during the following night. | Nishita Madhya - 12:14 AM, Sep 05 | Nishita Puja Time - 11:50 PM, Sep 04 to 12:38 AM, Sep 05 | Duration - 00 Hours 48 Mins | After performing the Nishita Puja during the night, the fast should be broken the following morning only after completing the regular morning Puja."
2026-09-04,2026-09-04,Brisbane,Queensland,Australia,Australia/Brisbane,2174003,Sri Krishna Jayanthi,Simha,Shravana,Krishna Paksha,Shukrawara,2026-09-04 06:55:00 AM,2026-09-05 04:43:00 AM,2026-09-04 04:59:00 AM,2026-09-05 03:34:00 AM,2026-09-04 06:55:00 AM,2026-09-05 03:34:00 AM,2026-09-04 05:36:00 PM,2026-09-05 05:57:00 AM,2026-09-04 11:46:30 PM,2026-09-04 11:22:30 PM,2026-09-05 12:10:30 AM,1,1,Only one Nishita falls inside the Ashtami-Rohini joint overlap.,False,,,ASHTAMI_ROHINI_AT_NISHITA,False,False,,"Sri Krishna Jayanthi Upavaasa - Friday, September 04, 2026 | Upavaasa is to be observed on this day and Nishita Puja is performed during the following night. | Nishita Madhya - 11:46 PM, Sep 04 | Nishita Puja Time - 11:22 PM, Sep 04 to 12:10 AM, Sep 05 | Duration - 00 Hours 48 Mins | After performing the Nishita Puja during the night, the fast should be broken the following morning only after completing the regular morning Puja."
2026-09-04,2026-09-04,Melbourne,Victoria,Australia,Australia/Melbourne,2158177,Sri Krishna Jayanthi,Simha,Shravana,Krishna Paksha,Shukrawara,2026-09-04 06:55:00 AM,2026-09-05 04:43:00 AM,2026-09-04 04:59:00 AM,2026-09-05 03:34:00 AM,2026-09-04 06:55:00 AM,2026-09-05 03:34:00 AM,2026-09-04 06:01:00 PM,2026-09-05 06:36:00 AM,2026-09-05 12:18:30 AM,2026-09-04 11:54:30 PM,2026-09-05 12:42:30 AM,1,1,Only one Nishita falls inside the Ashtami-Rohini joint overlap.,False,,,ASHTAMI_ROHINI_AT_NISHITA,False,False,,"Sri Krishna Jayanthi Upavaasa - Friday, September 04, 2026 | Upavaasa is to be observed on this day and Nishita Puja is performed during the following night. | Nishita Madhya - 12:18 AM, Sep 05 | Nishita Puja Time - 11:54 PM, Sep 04 to 12:42 AM, Sep 05 | Duration - 00 Hours 48 Mins | After performing the Nishita Puja during the night, the fast should be broken the following morning only after completing the regular morning Puja."
2026-09-04,2026-09-04,Perth,Western Australia,Australia,Australia/Perth,2063523,Sri Krishna Jayanthi,Simha,Shravana,Krishna Paksha,Shukrawara,2026-09-04 04:55:00 AM,2026-09-05 02:43:00 AM,2026-09-04 02:59:00 AM,2026-09-05 01:34:00 AM,2026-09-04 04:55:00 AM,2026-09-05 01:34:00 AM,2026-09-04 06:02:00 PM,2026-09-05 06:29:00 AM,2026-09-05 12:15:30 AM,2026-09-04 11:51:30 PM,2026-09-05 12:39:30 AM,1,1,Only one Nishita falls inside the Ashtami-Rohini joint overlap.,False,,,ASHTAMI_ROHINI_AT_NISHITA,False,False,,"Sri Krishna Jayanthi Upavaasa - Friday, September 04, 2026 | Upavaasa is to be observed on this day and Nishita Puja is performed during the following night. | Nishita Madhya - 12:15 AM, Sep 05 | Nishita Puja Time - 11:51 PM, Sep 04 to 12:39 AM, Sep 05 | Duration - 00 Hours 48 Mins | After performing the Nishita Puja during the night, the fast should be broken the following morning only after completing the regular morning Puja."
2026-09-04,2026-09-04,Canberra,Australian Capital Territory,Australia,Australia/Sydney,2172517,Sri Krishna Jayanthi,Simha,Shravana,Krishna Paksha,Shukrawara,2026-09-04 06:55:00 AM,2026-09-05 04:43:00 AM,2026-09-04 04:59:00 AM,2026-09-05 03:34:00 AM,2026-09-04 06:55:00 AM,2026-09-05 03:34:00 AM,2026-09-04 05:46:00 PM,2026-09-05 06:18:00 AM,2026-09-05 12:02:00 AM,2026-09-04 11:38:00 PM,2026-09-05 12:26:00 AM,1,1,Only one Nishita falls inside the Ashtami-Rohini joint overlap.,False,,,ASHTAMI_ROHINI_AT_NISHITA,False,False,,"Sri Krishna Jayanthi Upavaasa - Friday, September 04, 2026 | Upavaasa is to be observed on this day and Nishita Puja is performed during the following night. | Nishita Madhya - 12:02 AM, Sep 05 | Nishita Puja Time - 11:38 PM, Sep 04 to 12:26 AM, Sep 05 | Duration - 00 Hours 48 Mins | After performing the Nishita Puja during the night, the fast should be broken the following morning only after completing the regular morning Puja."
2026-09-04,2026-09-04,Sydney,New South Wales,Australia,Australia/Sydney,2147714,Sri Krishna Jayanthi,Simha,Shravana,Krishna Paksha,Shukrawara,2026-09-04 06:55:00 AM,2026-09-05 04:43:00 AM,2026-09-04 04:59:00 AM,2026-09-05 03:34:00 AM,2026-09-04 06:55:00 AM,2026-09-05 03:34:00 AM,2026-09-04 05:39:00 PM,2026-09-05 06:09:00 AM,2026-09-04 11:54:00 PM,2026-09-04 11:30:00 PM,2026-09-05 12:18:00 AM,1,1,Only one Nishita falls inside the Ashtami-Rohini joint overlap.,False,,,ASHTAMI_ROHINI_AT_NISHITA,False,False,,"Sri Krishna Jayanthi Upavaasa - Friday, September 04, 2026 | Upavaasa is to be observed on this day and Nishita Puja is performed during the following night. | Nishita Madhya - 11:54 PM, Sep 04 | Nishita Puja Time - 11:30 PM, Sep 04 to 12:18 AM, Sep 05 | Duration - 00 Hours 48 Mins | After performing the Nishita Puja during the night, the fast should be broken the following morning only after completing the regular morning Puja."
2026-09-04,2026-09-04,Auckland,Auckland,New Zealand,Pacific/Auckland,2193733,Sri Krishna Jayanthi,Simha,Shravana,Krishna Paksha,Shukrawara,2026-09-04 08:55:00 AM,2026-09-05 06:43:00 AM,2026-09-04 06:59:00 AM,2026-09-05 05:34:00 AM,2026-09-04 08:55:00 AM,2026-09-05 05:34:00 AM,2026-09-04 06:03:00 PM,2026-09-05 06:37:00 AM,2026-09-05 12:20:00 AM,2026-09-04 11:56:00 PM,2026-09-05 12:44:00 AM,1,1,Only one Nishita falls inside the Ashtami-Rohini joint overlap.,False,,,ASHTAMI_ROHINI_AT_NISHITA,False,False,,"Sri Krishna Jayanthi Upavaasa - Friday, September 04, 2026 | Upavaasa is to be observed on this day and Nishita Puja is performed during the following night. | Nishita Madhya - 12:20 AM, Sep 05 | Nishita Puja Time - 11:56 PM, Sep 04 to 12:44 AM, Sep 05 | Duration - 00 Hours 48 Mins | After performing the Nishita Puja during the night, the fast should be broken the following morning only after completing the regular morning Puja."
2026-09-04,2026-09-04,Christchurch,Canterbury,New Zealand,Pacific/Auckland,2192362,Sri Krishna Jayanthi,Simha,Shravana,Krishna Paksha,Shukrawara,2026-09-04 08:55:00 AM,2026-09-05 06:43:00 AM,2026-09-04 06:59:00 AM,2026-09-05 05:34:00 AM,2026-09-04 08:55:00 AM,2026-09-05 05:34:00 AM,2026-09-04 06:06:00 PM,2026-09-05 06:50:00 AM,2026-09-05 12:28:00 AM,2026-09-05 12:04:00 AM,2026-09-05 12:52:00 AM,1,1,Only one Nishita falls inside the Ashtami-Rohini joint overlap.,False,,,ASHTAMI_ROHINI_AT_NISHITA,False,False,,"Sri Krishna Jayanthi Upavaasa - Friday, September 04, 2026 | Upavaasa is to be observed on this day and Nishita Puja is performed during the following night. | Nishita Madhya - 12:28 AM, Sep 05 | Nishita Puja Time - 12:04 AM to 12:52 AM, Sep 05 | Duration - 00 Hours 48 Mins | After performing the Nishita Puja during the night, the fast should be broken the following morning only after completing the regular morning Puja."
2026-09-04,2026-09-04,Wellington,Wellington,New Zealand,Pacific/Auckland,2179537,Sri Krishna Jayanthi,Simha,Shravana,Krishna Paksha,Shukrawara,2026-09-04 08:55:00 AM,2026-09-05 06:43:00 AM,2026-09-04 06:59:00 AM,2026-09-05 05:34:00 AM,2026-09-04 08:55:00 AM,2026-09-05 05:34:00 AM,2026-09-04 05:59:00 PM,2026-09-05 06:40:00 AM,2026-09-05 12:19:30 AM,2026-09-04 11:55:30 PM,2026-09-05 12:43:30 AM,1,1,Only one Nishita falls inside the Ashtami-Rohini joint overlap.,False,,,ASHTAMI_ROHINI_AT_NISHITA,False,False,,"Sri Krishna Jayanthi Upavaasa - Friday, September 04, 2026 | Upavaasa is to be observed on this day and Nishita Puja is performed during the following night. | Nishita Madhya - 12:19 AM, Sep 05 | Nishita Puja Time - 11:55 PM, Sep 04 to 12:43 AM, Sep 05 | Duration - 00 Hours 48 Mins | After performing the Nishita Puja during the night, the fast should be broken the following morning only after completing the regular morning Puja."
