Month,Place Key,Location Key,City,State/Region,Country,Timezone,Geoname ID,Displayed Date,Displayed Day,Displayed Weekday,Observed Festival,Normalized Festival,Matched Pattern,Canonical Festival,Engine,Discovery Enabled,Execution Enabled,Display Priority,Registry Notes,Drik URL,Event Detail URL,Event Link Status,Discovery Schema Version,Selection Basis,Discovery Event Detail URL,Completeness Status
2026-08,geoname:6182962,geoname:6182962|city:windsor,Windsor,Ontario,Canada,America/New_York,6182962,2026-08-17,17,Monday,Kalki Jayanti,kalki jayanti,Kalki Jayanti,Kalki Jayanthi,KALKI_JAYANTHI,Yes,Yes,20,Distinct from Krishna Jayanthi; engine implemented.,https://www.drikpanchang.com/panchang/month-panchang.html?geoname-id=6182962&date=15/08/2026,https://www.drikpanchang.com/dashavatara/kalki/kalki-jayanti-date-time.html?year=2026,CAPTURED,V7_EVENT_DETAIL_URL_CAPTURE,City-specific festival date listed on Drik Month Panchang,https://www.drikpanchang.com/dashavatara/kalki/kalki-jayanti-date-time.html?year=2026,COMPLETE
2026-08,geoname:2643743,geoname:2643743|city:london,London,London,United Kingdom,Europe/London,2643743,2026-08-17,17,Monday,Kalki Jayanti,kalki jayanti,Kalki Jayanti,Kalki Jayanthi,KALKI_JAYANTHI,Yes,Yes,20,Distinct from Krishna Jayanthi; engine implemented.,https://www.drikpanchang.com/panchang/month-panchang.html?geoname-id=2643743&date=15/08/2026,https://www.drikpanchang.com/dashavatara/kalki/kalki-jayanti-date-time.html?year=2026,CAPTURED,V7_EVENT_DETAIL_URL_CAPTURE,City-specific festival date listed on Drik Month Panchang,https://www.drikpanchang.com/dashavatara/kalki/kalki-jayanti-date-time.html?year=2026,COMPLETE
2026-08,geoname:1276533,geoname:1276533|city:belgaum,Belgaum,Karnataka,India,Asia/Kolkata,1276533,2026-08-18,18,Tuesday,Kalki Jayanti,kalki jayanti,Kalki Jayanti,Kalki Jayanthi,KALKI_JAYANTHI,Yes,Yes,20,Distinct from Krishna Jayanthi; engine implemented.,https://www.drikpanchang.com/panchang/month-panchang.html?geoname-id=1276533&date=15/08/2026,https://www.drikpanchang.com/dashavatara/kalki/kalki-jayanti-date-time.html?year=2026,CAPTURED,V7_EVENT_DETAIL_URL_CAPTURE,City-specific festival date listed on Drik Month Panchang,https://www.drikpanchang.com/dashavatara/kalki/kalki-jayanti-date-time.html?year=2026,COMPLETE
2026-08,geoname:1269920,geoname:1269920|city:hubli,Hubli,Karnataka,India,Asia/Kolkata,1269920,2026-08-18,18,Tuesday,Kalki Jayanti,kalki jayanti,Kalki Jayanti,Kalki Jayanthi,KALKI_JAYANTHI,Yes,Yes,20,Distinct from Krishna Jayanthi; engine implemented.,https://www.drikpanchang.com/panchang/month-panchang.html?geoname-id=1269920&date=15/08/2026,https://www.drikpanchang.com/dashavatara/kalki/kalki-jayanti-date-time.html?year=2026,CAPTURED,V7_EVENT_DETAIL_URL_CAPTURE,City-specific festival date listed on Drik Month Panchang,https://www.drikpanchang.com/dashavatara/kalki/kalki-jayanti-date-time.html?year=2026,COMPLETE
2026-08,geoname:6173331,geoname:6173331|city:vancouver,Vancouver,British Columbia,Canada,America/Los_Angeles,6173331,2026-08-17,17,Monday,Kalki Jayanti,kalki jayanti,Kalki Jayanti,Kalki Jayanthi,KALKI_JAYANTHI,Yes,Yes,20,Distinct from Krishna Jayanthi; engine implemented.,https://www.drikpanchang.com/panchang/month-panchang.html?geoname-id=6173331&date=15/08/2026,https://www.drikpanchang.com/dashavatara/kalki/kalki-jayanti-date-time.html?year=2026,CAPTURED,V7_EVENT_DETAIL_URL_CAPTURE,City-specific festival date listed on Drik Month Panchang,https://www.drikpanchang.com/dashavatara/kalki/kalki-jayanti-date-time.html?year=2026,COMPLETE
2026-08,geoname:5108728,geoname:5108728|city:belfast,Belfast,New York,United States,America/New_York,5108728,2026-08-17,17,Monday,Kalki Jayanti,kalki jayanti,Kalki Jayanti,Kalki Jayanthi,KALKI_JAYANTHI,Yes,Yes,20,Distinct from Krishna Jayanthi; engine implemented.,https://www.drikpanchang.com/panchang/month-panchang.html?geoname-id=5108728&date=15/08/2026,https://www.drikpanchang.com/dashavatara/kalki/kalki-jayanti-date-time.html?year=2026,CAPTURED,V7_EVENT_DETAIL_URL_CAPTURE,City-specific festival date listed on Drik Month Panchang,https://www.drikpanchang.com/dashavatara/kalki/kalki-jayanti-date-time.html?year=2026,COMPLETE
2026-08,geoname:1835848,geoname:1835848|city:seoul,Seoul,Seoul,South Korea,Asia/Seoul,1835848,2026-08-18,18,Tuesday,Kalki Jayanti,kalki jayanti,Kalki Jayanti,Kalki Jayanthi,KALKI_JAYANTHI,Yes,Yes,20,Distinct from Krishna Jayanthi; engine implemented.,https://www.drikpanchang.com/panchang/month-panchang.html?geoname-id=1835848&date=15/08/2026,https://www.drikpanchang.com/dashavatara/kalki/kalki-jayanti-date-time.html?year=2026,CAPTURED,V7_EVENT_DETAIL_URL_CAPTURE,City-specific festival date listed on Drik Month Panchang,https://www.drikpanchang.com/dashavatara/kalki/kalki-jayanti-date-time.html?year=2026,COMPLETE
2026-08,geoname:2193733,geoname:2193733|city:auckland,Auckland,Auckland,New Zealand,Pacific/Auckland,2193733,2026-08-18,18,Tuesday,Kalki Jayanti,kalki jayanti,Kalki Jayanti,Kalki Jayanthi,KALKI_JAYANTHI,Yes,Yes,20,Distinct from Krishna Jayanthi; engine implemented.,https://www.drikpanchang.com/panchang/month-panchang.html?geoname-id=2193733&date=15/08/2026,https://www.drikpanchang.com/dashavatara/kalki/kalki-jayanti-date-time.html?year=2026,CAPTURED,V7_EVENT_DETAIL_URL_CAPTURE,City-specific festival date listed on Drik Month Panchang,https://www.drikpanchang.com/dashavatara/kalki/kalki-jayanti-date-time.html?year=2026,COMPLETE
2026-08,geoname:2179537,geoname:2179537|city:wellington,Wellington,Wellington,New Zealand,Pacific/Auckland,2179537,2026-08-18,18,Tuesday,Kalki Jayanti,kalki jayanti,Kalki Jayanti,Kalki Jayanthi,KALKI_JAYANTHI,Yes,Yes,20,Distinct from Krishna Jayanthi; engine implemented.,https://www.drikpanchang.com/panchang/month-panchang.html?geoname-id=2179537&date=15/08/2026,https://www.drikpanchang.com/dashavatara/kalki/kalki-jayanti-date-time.html?year=2026,CAPTURED,V7_EVENT_DETAIL_URL_CAPTURE,City-specific festival date listed on Drik Month Panchang,https://www.drikpanchang.com/dashavatara/kalki/kalki-jayanti-date-time.html?year=2026,COMPLETE
2026-08,geoname:2192362,geoname:2192362|city:christchurch,Christchurch,Canterbury,New Zealand,Pacific/Auckland,2192362,2026-08-18,18,Tuesday,Kalki Jayanti,kalki jayanti,Kalki Jayanti,Kalki Jayanthi,KALKI_JAYANTHI,Yes,Yes,20,Distinct from Krishna Jayanthi; engine implemented.,https://www.drikpanchang.com/panchang/month-panchang.html?geoname-id=2192362&date=15/08/2026,https://www.drikpanchang.com/dashavatara/kalki/kalki-jayanti-date-time.html?year=2026,CAPTURED,V7_EVENT_DETAIL_URL_CAPTURE,City-specific festival date listed on Drik Month Panchang,https://www.drikpanchang.com/dashavatara/kalki/kalki-jayanti-date-time.html?year=2026,COMPLETE
2026-08,geoname:1279290,geoname:1279290|city:agartala,Agartala,Tripura,India,Asia/Kolkata,1279290,2026-08-18,18,Tuesday,Kalki Jayanti,kalki jayanti,Kalki Jayanti,Kalki Jayanthi,KALKI_JAYANTHI,Yes,Yes,20,Distinct from Krishna Jayanthi; engine implemented.,https://www.drikpanchang.com/panchang/month-panchang.html?geoname-id=1279290&date=15/08/2026,https://www.drikpanchang.com/dashavatara/kalki/kalki-jayanti-date-time.html?year=2026,CAPTURED,V7_EVENT_DETAIL_URL_CAPTURE,City-specific festival date listed on Drik Month Panchang,https://www.drikpanchang.com/dashavatara/kalki/kalki-jayanti-date-time.html?year=2026,COMPLETE
2026-08,geoname:1271476,geoname:1271476|city:guwahati,Guwahati,Assam,India,Asia/Kolkata,1271476,2026-08-18,18,Tuesday,Kalki Jayanti,kalki jayanti,Kalki Jayanti,Kalki Jayanthi,KALKI_JAYANTHI,Yes,Yes,20,Distinct from Krishna Jayanthi; engine implemented.,https://www.drikpanchang.com/panchang/month-panchang.html?geoname-id=1271476&date=15/08/2026,https://www.drikpanchang.com/dashavatara/kalki/kalki-jayanti-date-time.html?year=2026,CAPTURED,V7_EVENT_DETAIL_URL_CAPTURE,City-specific festival date listed on Drik Month Panchang,https://www.drikpanchang.com/dashavatara/kalki/kalki-jayanti-date-time.html?year=2026,COMPLETE
2026-08,geoname:1256525,geoname:1256525|city:shiliguri,Shiliguri,West Bengal,India,Asia/Kolkata,1256525,2026-08-18,18,Tuesday,Kalki Jayanti,kalki jayanti,Kalki Jayanti,Kalki Jayanthi,KALKI_JAYANTHI,Yes,Yes,20,Distinct from Krishna Jayanthi; engine implemented.,https://www.drikpanchang.com/panchang/month-panchang.html?geoname-id=1256525&date=15/08/2026,https://www.drikpanchang.com/dashavatara/kalki/kalki-jayanti-date-time.html?year=2026,CAPTURED,V7_EVENT_DETAIL_URL_CAPTURE,City-specific festival date listed on Drik Month Panchang,https://www.drikpanchang.com/dashavatara/kalki/kalki-jayanti-date-time.html?year=2026,COMPLETE
2026-08,geoname:1279186,geoname:1279186|city:aizawl,Aizawl,Mizoram,India,Asia/Kolkata,1279186,2026-08-18,18,Tuesday,Kalki Jayanti,kalki jayanti,Kalki Jayanti,Kalki Jayanthi,KALKI_JAYANTHI,Yes,Yes,20,Distinct from Krishna Jayanthi; engine implemented.,https://www.drikpanchang.com/panchang/month-panchang.html?geoname-id=1279186&date=15/08/2026,https://www.drikpanchang.com/dashavatara/kalki/kalki-jayanti-date-time.html?year=2026,CAPTURED,V7_EVENT_DETAIL_URL_CAPTURE,City-specific festival date listed on Drik Month Panchang,https://www.drikpanchang.com/dashavatara/kalki/kalki-jayanti-date-time.html?year=2026,COMPLETE
2026-08,geoname:1271631,geoname:1271631|city:gangtok,Gangtok,Sikkim,India,Asia/Kolkata,1271631,2026-08-18,18,Tuesday,Kalki Jayanti,kalki jayanti,Kalki Jayanti,Kalki Jayanthi,KALKI_JAYANTHI,Yes,Yes,20,Distinct from Krishna Jayanthi; engine implemented.,https://www.drikpanchang.com/panchang/month-panchang.html?geoname-id=1271631&date=15/08/2026,https://www.drikpanchang.com/dashavatara/kalki/kalki-jayanti-date-time.html?year=2026,CAPTURED,V7_EVENT_DETAIL_URL_CAPTURE,City-specific festival date listed on Drik Month Panchang,https://www.drikpanchang.com/dashavatara/kalki/kalki-jayanti-date-time.html?year=2026,COMPLETE
2026-08,geoname:1256287,geoname:1256287|city:silchar,Silchar,Assam,India,Asia/Kolkata,1256287,2026-08-18,18,Tuesday,Kalki Jayanti,kalki jayanti,Kalki Jayanti,Kalki Jayanthi,KALKI_JAYANTHI,Yes,Yes,20,Distinct from Krishna Jayanthi; engine implemented.,https://www.drikpanchang.com/panchang/month-panchang.html?geoname-id=1256287&date=15/08/2026,https://www.drikpanchang.com/dashavatara/kalki/kalki-jayanti-date-time.html?year=2026,CAPTURED,V7_EVENT_DETAIL_URL_CAPTURE,City-specific festival date listed on Drik Month Panchang,https://www.drikpanchang.com/dashavatara/kalki/kalki-jayanti-date-time.html?year=2026,COMPLETE
2026-08,geoname:1272648,geoname:1272648|city:dibrugarh,Dibrugarh,Assam,India,Asia/Kolkata,1272648,2026-08-18,18,Tuesday,Kalki Jayanti,kalki jayanti,Kalki Jayanti,Kalki Jayanthi,KALKI_JAYANTHI,Yes,Yes,20,Distinct from Krishna Jayanthi; engine implemented.,https://www.drikpanchang.com/panchang/month-panchang.html?geoname-id=1272648&date=15/08/2026,https://www.drikpanchang.com/dashavatara/kalki/kalki-jayanti-date-time.html?year=2026,CAPTURED,V7_EVENT_DETAIL_URL_CAPTURE,City-specific festival date listed on Drik Month Panchang,https://www.drikpanchang.com/dashavatara/kalki/kalki-jayanti-date-time.html?year=2026,COMPLETE
2026-08,geoname:1269771,geoname:1269771|city:imphal,Imphal,Manipur,India,Asia/Kolkata,1269771,2026-08-18,18,Tuesday,Kalki Jayanti,kalki jayanti,Kalki Jayanti,Kalki Jayanthi,KALKI_JAYANTHI,Yes,Yes,20,Distinct from Krishna Jayanthi; engine implemented.,https://www.drikpanchang.com/panchang/month-panchang.html?geoname-id=1269771&date=15/08/2026,https://www.drikpanchang.com/dashavatara/kalki/kalki-jayanti-date-time.html?year=2026,CAPTURED,V7_EVENT_DETAIL_URL_CAPTURE,City-specific festival date listed on Drik Month Panchang,https://www.drikpanchang.com/dashavatara/kalki/kalki-jayanti-date-time.html?year=2026,COMPLETE
2026-08,geoname:1272552,geoname:1272552|city:dimapur,Dimapur,Nagaland,India,Asia/Kolkata,1272552,2026-08-18,18,Tuesday,Kalki Jayanti,kalki jayanti,Kalki Jayanti,Kalki Jayanthi,KALKI_JAYANTHI,Yes,Yes,20,Distinct from Krishna Jayanthi; engine implemented.,https://www.drikpanchang.com/panchang/month-panchang.html?geoname-id=1272552&date=15/08/2026,https://www.drikpanchang.com/dashavatara/kalki/kalki-jayanti-date-time.html?year=2026,CAPTURED,V7_EVENT_DETAIL_URL_CAPTURE,City-specific festival date listed on Drik Month Panchang,https://www.drikpanchang.com/dashavatara/kalki/kalki-jayanti-date-time.html?year=2026,COMPLETE
2026-08,geoname:1269655,geoname:1269655|city:itanagar,Itanagar,Arunachal Pradesh,India,Asia/Kolkata,1269655,2026-08-18,18,Tuesday,Kalki Jayanti,kalki jayanti,Kalki Jayanti,Kalki Jayanthi,KALKI_JAYANTHI,Yes,Yes,20,Distinct from Krishna Jayanthi; engine implemented.,https://www.drikpanchang.com/panchang/month-panchang.html?geoname-id=1269655&date=15/08/2026,https://www.drikpanchang.com/dashavatara/kalki/kalki-jayanti-date-time.html?year=2026,CAPTURED,V7_EVENT_DETAIL_URL_CAPTURE,City-specific festival date listed on Drik Month Panchang,https://www.drikpanchang.com/dashavatara/kalki/kalki-jayanti-date-time.html?year=2026,COMPLETE
2026-08,geoname:1264521,geoname:1264521|city:madurai,Madurai,Tamil Nadu,India,Asia/Kolkata,1264521,2026-08-18,18,Tuesday,Kalki Jayanti,kalki jayanti,Kalki Jayanti,Kalki Jayanthi,KALKI_JAYANTHI,Yes,Yes,20,Distinct from Krishna Jayanthi; engine implemented.,https://www.drikpanchang.com/panchang/month-panchang.html?geoname-id=1264521&date=15/08/2026,https://www.drikpanchang.com/dashavatara/kalki/kalki-jayanti-date-time.html?year=2026,CAPTURED,V7_EVENT_DETAIL_URL_CAPTURE,City-specific festival date listed on Drik Month Panchang,https://www.drikpanchang.com/dashavatara/kalki/kalki-jayanti-date-time.html?year=2026,COMPLETE
2026-08,geoname:1265683,geoname:1265683|city:kumbakonam,Kumbakonam,Tamil Nadu,India,Asia/Kolkata,1265683,2026-08-18,18,Tuesday,Kalki Jayanti,kalki jayanti,Kalki Jayanti,Kalki Jayanthi,KALKI_JAYANTHI,Yes,Yes,20,Distinct from Krishna Jayanthi; engine implemented.,https://www.drikpanchang.com/panchang/month-panchang.html?geoname-id=1265683&date=15/08/2026,https://www.drikpanchang.com/dashavatara/kalki/kalki-jayanti-date-time.html?year=2026,CAPTURED,V7_EVENT_DETAIL_URL_CAPTURE,City-specific festival date listed on Drik Month Panchang,https://www.drikpanchang.com/dashavatara/kalki/kalki-jayanti-date-time.html?year=2026,COMPLETE
2026-08,geoname:1274256,geoname:1274256|city:chidambaram,Chidambaram,Tamil Nadu,India,Asia/Kolkata,1274256,2026-08-18,18,Tuesday,Kalki Jayanti,kalki jayanti,Kalki Jayanti,Kalki Jayanthi,KALKI_JAYANTHI,Yes,Yes,20,Distinct from Krishna Jayanthi; engine implemented.,https://www.drikpanchang.com/panchang/month-panchang.html?geoname-id=1274256&date=15/08/2026,https://www.drikpanchang.com/dashavatara/kalki/kalki-jayanti-date-time.html?year=2026,CAPTURED,V7_EVENT_DETAIL_URL_CAPTURE,City-specific festival date listed on Drik Month Panchang,https://www.drikpanchang.com/dashavatara/kalki/kalki-jayanti-date-time.html?year=2026,COMPLETE
2026-08,geoname:1268159,geoname:1268159|city:kanchipuram,Kanchipuram,Tamil Nadu,India,Asia/Kolkata,1268159,2026-08-18,18,Tuesday,Kalki Jayanti,kalki jayanti,Kalki Jayanti,Kalki Jayanthi,KALKI_JAYANTHI,Yes,Yes,20,Distinct from Krishna Jayanthi; engine implemented.,https://www.drikpanchang.com/panchang/month-panchang.html?geoname-id=1268159&date=15/08/2026,https://www.drikpanchang.com/dashavatara/kalki/kalki-jayanti-date-time.html?year=2026,CAPTURED,V7_EVENT_DETAIL_URL_CAPTURE,City-specific festival date listed on Drik Month Panchang,https://www.drikpanchang.com/dashavatara/kalki/kalki-jayanti-date-time.html?year=2026,COMPLETE
2026-08,geoname:1254388,geoname:1254388|city:srirangam,Srirangam,Tamil Nadu,India,Asia/Kolkata,1254388,2026-08-18,18,Tuesday,Kalki Jayanti,kalki jayanti,Kalki Jayanti,Kalki Jayanthi,KALKI_JAYANTHI,Yes,Yes,20,Distinct from Krishna Jayanthi; engine implemented.,https://www.drikpanchang.com/panchang/month-panchang.html?geoname-id=1254388&date=15/08/2026,https://www.drikpanchang.com/dashavatara/kalki/kalki-jayanti-date-time.html?year=2026,CAPTURED,V7_EVENT_DETAIL_URL_CAPTURE,City-specific festival date listed on Drik Month Panchang,https://www.drikpanchang.com/dashavatara/kalki/kalki-jayanti-date-time.html?year=2026,COMPLETE
2026-08,geoname:1270603,geoname:1270603|city:guruvayur,Guruvayur,Kerala,India,Asia/Kolkata,1270603,2026-08-18,18,Tuesday,Kalki Jayanti,kalki jayanti,Kalki Jayanti,Kalki Jayanthi,KALKI_JAYANTHI,Yes,Yes,20,Distinct from Krishna Jayanthi; engine implemented.,https://www.drikpanchang.com/panchang/month-panchang.html?geoname-id=1270603&date=15/08/2026,https://www.drikpanchang.com/dashavatara/kalki/kalki-jayanti-date-time.html?year=2026,CAPTURED,V7_EVENT_DETAIL_URL_CAPTURE,City-specific festival date listed on Drik Month Panchang,https://www.drikpanchang.com/dashavatara/kalki/kalki-jayanti-date-time.html?year=2026,COMPLETE
2026-08,geoname:1260546,geoname:1260546|city:pandharpur,Pandharpur,Maharashtra,India,Asia/Kolkata,1260546,2026-08-18,18,Tuesday,Kalki Jayanti,kalki jayanti,Kalki Jayanti,Kalki Jayanthi,KALKI_JAYANTHI,Yes,Yes,20,Distinct from Krishna Jayanthi; engine implemented.,https://www.drikpanchang.com/panchang/month-panchang.html?geoname-id=1260546&date=15/08/2026,https://www.drikpanchang.com/dashavatara/kalki/kalki-jayanti-date-time.html?year=2026,CAPTURED,V7_EVENT_DETAIL_URL_CAPTURE,City-specific festival date listed on Drik Month Panchang,https://www.drikpanchang.com/dashavatara/kalki/kalki-jayanti-date-time.html?year=2026,COMPLETE
2026-08,geoname:1266285,geoname:1266285|city:kolhapur,Kolhapur,Maharashtra,India,Asia/Kolkata,1266285,2026-08-18,18,Tuesday,Kalki Jayanti,kalki jayanti,Kalki Jayanti,Kalki Jayanthi,KALKI_JAYANTHI,Yes,Yes,20,Distinct from Krishna Jayanthi; engine implemented.,https://www.drikpanchang.com/panchang/month-panchang.html?geoname-id=1266285&date=15/08/2026,https://www.drikpanchang.com/dashavatara/kalki/kalki-jayanti-date-time.html?year=2026,CAPTURED,V7_EVENT_DETAIL_URL_CAPTURE,City-specific festival date listed on Drik Month Panchang,https://www.drikpanchang.com/dashavatara/kalki/kalki-jayanti-date-time.html?year=2026,COMPLETE
2026-08,geoname:1262180,geoname:1262180|city:nagpur,Nagpur,Maharashtra,India,Asia/Kolkata,1262180,2026-08-18,18,Tuesday,Kalki Jayanti,kalki jayanti,Kalki Jayanti,Kalki Jayanthi,KALKI_JAYANTHI,Yes,Yes,20,Distinct from Krishna Jayanthi; engine implemented.,https://www.drikpanchang.com/panchang/month-panchang.html?geoname-id=1262180&date=15/08/2026,https://www.drikpanchang.com/dashavatara/kalki/kalki-jayanti-date-time.html?year=2026,CAPTURED,V7_EVENT_DETAIL_URL_CAPTURE,City-specific festival date listed on Drik Month Panchang,https://www.drikpanchang.com/dashavatara/kalki/kalki-jayanti-date-time.html?year=2026,COMPLETE
2026-08,geoname:1253102,geoname:1253102|city:visakhapatnam,Visakhapatnam,Andra Pradesh,India,Asia/Kolkata,1253102,2026-08-18,18,Tuesday,Kalki Jayanti,kalki jayanti,Kalki Jayanti,Kalki Jayanthi,KALKI_JAYANTHI,Yes,Yes,20,Distinct from Krishna Jayanthi; engine implemented.,https://www.drikpanchang.com/panchang/month-panchang.html?geoname-id=1253102&date=15/08/2026,https://www.drikpanchang.com/dashavatara/kalki/kalki-jayanti-date-time.html?year=2026,CAPTURED,V7_EVENT_DETAIL_URL_CAPTURE,City-specific festival date listed on Drik Month Panchang,https://www.drikpanchang.com/dashavatara/kalki/kalki-jayanti-date-time.html?year=2026,COMPLETE
2026-08,geoname:292223,geoname:292223|city:dubai,Dubai,Dubai,United Arab Emirates,Asia/Dubai,292223,2026-08-17,17,Monday,Kalki Jayanti,kalki jayanti,Kalki Jayanti,Kalki Jayanthi,KALKI_JAYANTHI,Yes,Yes,20,Distinct from Krishna Jayanthi; engine implemented.,https://www.drikpanchang.com/panchang/month-panchang.html?geoname-id=292223&date=15/08/2026,https://www.drikpanchang.com/dashavatara/kalki/kalki-jayanti-date-time.html?year=2026,CAPTURED,V7_EVENT_DETAIL_URL_CAPTURE,City-specific festival date listed on Drik Month Panchang,https://www.drikpanchang.com/dashavatara/kalki/kalki-jayanti-date-time.html?year=2026,COMPLETE
2026-08,geoname:290030,geoname:290030|city:doha,Doha,Baladīyat ad Dawḩah,Qatar,Asia/Qatar,290030,2026-08-17,17,Monday,Kalki Jayanti,kalki jayanti,Kalki Jayanti,Kalki Jayanthi,KALKI_JAYANTHI,Yes,Yes,20,Distinct from Krishna Jayanthi; engine implemented.,https://www.drikpanchang.com/panchang/month-panchang.html?geoname-id=290030&date=15/08/2026,https://www.drikpanchang.com/dashavatara/kalki/kalki-jayanti-date-time.html?year=2026,CAPTURED,V7_EVENT_DETAIL_URL_CAPTURE,City-specific festival date listed on Drik Month Panchang,https://www.drikpanchang.com/dashavatara/kalki/kalki-jayanti-date-time.html?year=2026,COMPLETE
2026-08,geoname:2657896,geoname:2657896|city:zurich,Zurich,Zurich,Switzerland,Europe/Zurich,2657896,2026-08-17,17,Monday,Kalki Jayanti,kalki jayanti,Kalki Jayanti,Kalki Jayanthi,KALKI_JAYANTHI,Yes,Yes,20,Distinct from Krishna Jayanthi; engine implemented.,https://www.drikpanchang.com/panchang/month-panchang.html?geoname-id=2657896&date=15/08/2026,https://www.drikpanchang.com/dashavatara/kalki/kalki-jayanti-date-time.html?year=2026,CAPTURED,V7_EVENT_DETAIL_URL_CAPTURE,City-specific festival date listed on Drik Month Panchang,https://www.drikpanchang.com/dashavatara/kalki/kalki-jayanti-date-time.html?year=2026,COMPLETE
2026-08,geoname:2928751,geoname:2928751|city:esslingen,Esslingen,Esslingen,Germany,Europe/Berlin,2928751,2026-08-17,17,Monday,Kalki Jayanti,kalki jayanti,Kalki Jayanti,Kalki Jayanthi,KALKI_JAYANTHI,Yes,Yes,20,Distinct from Krishna Jayanthi; engine implemented.,https://www.drikpanchang.com/panchang/month-panchang.html?geoname-id=2928751&date=15/08/2026,https://www.drikpanchang.com/dashavatara/kalki/kalki-jayanti-date-time.html?year=2026,CAPTURED,V7_EVENT_DETAIL_URL_CAPTURE,City-specific festival date listed on Drik Month Panchang,https://www.drikpanchang.com/dashavatara/kalki/kalki-jayanti-date-time.html?year=2026,COMPLETE
2026-08,geoname:1278094,geoname:1278094|city:ayodhya,Ayodhya,Uttar Pradesh,India,Asia/Kolkata,1278094,2026-08-18,18,Tuesday,Kalki Jayanti,kalki jayanti,Kalki Jayanti,Kalki Jayanthi,KALKI_JAYANTHI,Yes,Yes,20,Distinct from Krishna Jayanthi; engine implemented.,https://www.drikpanchang.com/panchang/month-panchang.html?geoname-id=1278094&date=15/08/2026,https://www.drikpanchang.com/dashavatara/kalki/kalki-jayanti-date-time.html?year=2026,CAPTURED,V7_EVENT_DETAIL_URL_CAPTURE,City-specific festival date listed on Drik Month Panchang,https://www.drikpanchang.com/dashavatara/kalki/kalki-jayanti-date-time.html?year=2026,COMPLETE
2026-08,geoname:5131614,geoname:5131614|city:pittsford,Pittsford,New York,United States,America/New_York,5131614,2026-08-17,17,Monday,Kalki Jayanti,kalki jayanti,Kalki Jayanti,Kalki Jayanthi,KALKI_JAYANTHI,Yes,Yes,20,Distinct from Krishna Jayanthi; engine implemented.,https://www.drikpanchang.com/panchang/month-panchang.html?geoname-id=5131614&date=15/08/2026,https://www.drikpanchang.com/dashavatara/kalki/kalki-jayanti-date-time.html?year=2026,CAPTURED,V7_EVENT_DETAIL_URL_CAPTURE,City-specific festival date listed on Drik Month Panchang,https://www.drikpanchang.com/dashavatara/kalki/kalki-jayanti-date-time.html?year=2026,COMPLETE
2026-08,geoname:5119251,geoname:5119251|city:greece,Greece,New York,United States,America/New_York,5119251,2026-08-17,17,Monday,Kalki Jayanti,kalki jayanti,Kalki Jayanti,Kalki Jayanthi,KALKI_JAYANTHI,Yes,Yes,20,Distinct from Krishna Jayanthi; engine implemented.,https://www.drikpanchang.com/panchang/month-panchang.html?geoname-id=5119251&date=15/08/2026,https://www.drikpanchang.com/dashavatara/kalki/kalki-jayanti-date-time.html?year=2026,CAPTURED,V7_EVENT_DETAIL_URL_CAPTURE,City-specific festival date listed on Drik Month Panchang,https://www.drikpanchang.com/dashavatara/kalki/kalki-jayanti-date-time.html?year=2026,COMPLETE
2026-08,geoname:5140405,geoname:5140405|city:syracuse,Syracuse,New York,United States,America/New_York,5140405,2026-08-17,17,Monday,Kalki Jayanti,kalki jayanti,Kalki Jayanti,Kalki Jayanthi,KALKI_JAYANTHI,Yes,Yes,20,Distinct from Krishna Jayanthi; engine implemented.,https://www.drikpanchang.com/panchang/month-panchang.html?geoname-id=5140405&date=15/08/2026,https://www.drikpanchang.com/dashavatara/kalki/kalki-jayanti-date-time.html?year=2026,CAPTURED,V7_EVENT_DETAIL_URL_CAPTURE,City-specific festival date listed on Drik Month Panchang,https://www.drikpanchang.com/dashavatara/kalki/kalki-jayanti-date-time.html?year=2026,COMPLETE
2026-08,geoname:4256038,geoname:4256038|city:columbus,Columbus,Indiana,United States,America/Indiana/Indianapolis,4256038,2026-08-17,17,Monday,Kalki Jayanti,kalki jayanti,Kalki Jayanti,Kalki Jayanthi,KALKI_JAYANTHI,Yes,Yes,20,Distinct from Krishna Jayanthi; engine implemented.,https://www.drikpanchang.com/panchang/month-panchang.html?geoname-id=4256038&date=15/08/2026,https://www.drikpanchang.com/dashavatara/kalki/kalki-jayanti-date-time.html?year=2026,CAPTURED,V7_EVENT_DETAIL_URL_CAPTURE,City-specific festival date listed on Drik Month Panchang,https://www.drikpanchang.com/dashavatara/kalki/kalki-jayanti-date-time.html?year=2026,COMPLETE
2026-08,geoname:4487042,geoname:4487042|city:raleigh,Raleigh,North Carolina,United States,America/New_York,4487042,2026-08-17,17,Monday,Kalki Jayanti,kalki jayanti,Kalki Jayanti,Kalki Jayanthi,KALKI_JAYANTHI,Yes,Yes,20,Distinct from Krishna Jayanthi; engine implemented.,https://www.drikpanchang.com/panchang/month-panchang.html?geoname-id=4487042&date=15/08/2026,https://www.drikpanchang.com/dashavatara/kalki/kalki-jayanti-date-time.html?year=2026,CAPTURED,V7_EVENT_DETAIL_URL_CAPTURE,City-specific festival date listed on Drik Month Panchang,https://www.drikpanchang.com/dashavatara/kalki/kalki-jayanti-date-time.html?year=2026,COMPLETE
2026-08,geoname:4460243,geoname:4460243|city:charlotte,Charlotte,North Carolina,United States,America/New_York,4460243,2026-08-17,17,Monday,Kalki Jayanti,kalki jayanti,Kalki Jayanti,Kalki Jayanthi,KALKI_JAYANTHI,Yes,Yes,20,Distinct from Krishna Jayanthi; engine implemented.,https://www.drikpanchang.com/panchang/month-panchang.html?geoname-id=4460243&date=15/08/2026,https://www.drikpanchang.com/dashavatara/kalki/kalki-jayanti-date-time.html?year=2026,CAPTURED,V7_EVENT_DETAIL_URL_CAPTURE,City-specific festival date listed on Drik Month Panchang,https://www.drikpanchang.com/dashavatara/kalki/kalki-jayanti-date-time.html?year=2026,COMPLETE
2026-08,geoname:1277333,geoname:1277333|city:bengaluru,Bengaluru,Karnataka,India,Asia/Kolkata,1277333,2026-08-18,18,Tuesday,Kalki Jayanti,kalki jayanti,Kalki Jayanti,Kalki Jayanthi,KALKI_JAYANTHI,Yes,Yes,20,Distinct from Krishna Jayanthi; engine implemented.,https://www.drikpanchang.com/panchang/month-panchang.html?geoname-id=1277333&date=15/08/2026,https://www.drikpanchang.com/dashavatara/kalki/kalki-jayanti-date-time.html?year=2026,CAPTURED,V7_EVENT_DETAIL_URL_CAPTURE,City-specific festival date listed on Drik Month Panchang,https://www.drikpanchang.com/dashavatara/kalki/kalki-jayanti-date-time.html?year=2026,COMPLETE
2026-08,geoname:1262321,geoname:1262321|city:mysuru,Mysuru,Karnataka,India,Asia/Kolkata,1262321,2026-08-18,18,Tuesday,Kalki Jayanti,kalki jayanti,Kalki Jayanti,Kalki Jayanthi,KALKI_JAYANTHI,Yes,Yes,20,Distinct from Krishna Jayanthi; engine implemented.,https://www.drikpanchang.com/panchang/month-panchang.html?geoname-id=1262321&date=15/08/2026,https://www.drikpanchang.com/dashavatara/kalki/kalki-jayanti-date-time.html?year=2026,CAPTURED,V7_EVENT_DETAIL_URL_CAPTURE,City-specific festival date listed on Drik Month Panchang,https://www.drikpanchang.com/dashavatara/kalki/kalki-jayanti-date-time.html?year=2026,COMPLETE
2026-08,geoname:1262321,geoname:1262321|city:t_narasipura,T Narasipura,Karnataka,India,Asia/Kolkata,1262321,2026-08-18,18,Tuesday,Kalki Jayanti,kalki jayanti,Kalki Jayanti,Kalki Jayanthi,KALKI_JAYANTHI,Yes,Yes,20,Distinct from Krishna Jayanthi; engine implemented.,https://www.drikpanchang.com/panchang/month-panchang.html?geoname-id=1262321&date=15/08/2026,https://www.drikpanchang.com/dashavatara/kalki/kalki-jayanti-date-time.html?year=2026,CAPTURED,V7_EVENT_DETAIL_URL_CAPTURE,City-specific festival date listed on Drik Month Panchang,https://www.drikpanchang.com/dashavatara/kalki/kalki-jayanti-date-time.html?year=2026,COMPLETE
2026-08,geoname:1263780,geoname:1263780|city:mangalore,Mangalore,Karnataka,India,Asia/Kolkata,1263780,2026-08-18,18,Tuesday,Kalki Jayanti,kalki jayanti,Kalki Jayanti,Kalki Jayanthi,KALKI_JAYANTHI,Yes,Yes,20,Distinct from Krishna Jayanthi; engine implemented.,https://www.drikpanchang.com/panchang/month-panchang.html?geoname-id=1263780&date=15/08/2026,https://www.drikpanchang.com/dashavatara/kalki/kalki-jayanti-date-time.html?year=2026,CAPTURED,V7_EVENT_DETAIL_URL_CAPTURE,City-specific festival date listed on Drik Month Panchang,https://www.drikpanchang.com/dashavatara/kalki/kalki-jayanti-date-time.html?year=2026,COMPLETE
2026-08,geoname:1253952,geoname:1253952|city:udupi,Udupi,Karnataka,India,Asia/Kolkata,1253952,2026-08-18,18,Tuesday,Kalki Jayanti,kalki jayanti,Kalki Jayanti,Kalki Jayanthi,KALKI_JAYANTHI,Yes,Yes,20,Distinct from Krishna Jayanthi; engine implemented.,https://www.drikpanchang.com/panchang/month-panchang.html?geoname-id=1253952&date=15/08/2026,https://www.drikpanchang.com/dashavatara/kalki/kalki-jayanti-date-time.html?year=2026,CAPTURED,V7_EVENT_DETAIL_URL_CAPTURE,City-specific festival date listed on Drik Month Panchang,https://www.drikpanchang.com/dashavatara/kalki/kalki-jayanti-date-time.html?year=2026,COMPLETE
2026-08,geoname:1255364,geoname:1255364|city:surat,Surat,Gujarat,India,Asia/Kolkata,1255364,2026-08-18,18,Tuesday,Kalki Jayanti,kalki jayanti,Kalki Jayanti,Kalki Jayanthi,KALKI_JAYANTHI,Yes,Yes,20,Distinct from Krishna Jayanthi; engine implemented.,https://www.drikpanchang.com/panchang/month-panchang.html?geoname-id=1255364&date=15/08/2026,https://www.drikpanchang.com/dashavatara/kalki/kalki-jayanti-date-time.html?year=2026,CAPTURED,V7_EVENT_DETAIL_URL_CAPTURE,City-specific festival date listed on Drik Month Panchang,https://www.drikpanchang.com/dashavatara/kalki/kalki-jayanti-date-time.html?year=2026,COMPLETE
2026-08,geoname:1259229,geoname:1259229|city:pune,Pune,Maharashtra,India,Asia/Kolkata,1259229,2026-08-18,18,Tuesday,Kalki Jayanti,kalki jayanti,Kalki Jayanti,Kalki Jayanthi,KALKI_JAYANTHI,Yes,Yes,20,Distinct from Krishna Jayanthi; engine implemented.,https://www.drikpanchang.com/panchang/month-panchang.html?geoname-id=1259229&date=15/08/2026,https://www.drikpanchang.com/dashavatara/kalki/kalki-jayanti-date-time.html?year=2026,CAPTURED,V7_EVENT_DETAIL_URL_CAPTURE,City-specific festival date listed on Drik Month Panchang,https://www.drikpanchang.com/dashavatara/kalki/kalki-jayanti-date-time.html?year=2026,COMPLETE
2026-08,geoname:1253573,geoname:1253573|city:vadodara,Vadodara,Gujarat,India,Asia/Kolkata,1253573,2026-08-18,18,Tuesday,Kalki Jayanti,kalki jayanti,Kalki Jayanti,Kalki Jayanthi,KALKI_JAYANTHI,Yes,Yes,20,Distinct from Krishna Jayanthi; engine implemented.,https://www.drikpanchang.com/panchang/month-panchang.html?geoname-id=1253573&date=15/08/2026,https://www.drikpanchang.com/dashavatara/kalki/kalki-jayanti-date-time.html?year=2026,CAPTURED,V7_EVENT_DETAIL_URL_CAPTURE,City-specific festival date listed on Drik Month Panchang,https://www.drikpanchang.com/dashavatara/kalki/kalki-jayanti-date-time.html?year=2026,COMPLETE
2026-08,geoname:1269843,geoname:1269843|city:hyderabad,Hyderabad,Telangana,India,Asia/Kolkata,1269843,2026-08-18,18,Tuesday,Kalki Jayanti,kalki jayanti,Kalki Jayanti,Kalki Jayanthi,KALKI_JAYANTHI,Yes,Yes,20,Distinct from Krishna Jayanthi; engine implemented.,https://www.drikpanchang.com/panchang/month-panchang.html?geoname-id=1269843&date=15/08/2026,https://www.drikpanchang.com/dashavatara/kalki/kalki-jayanti-date-time.html?year=2026,CAPTURED,V7_EVENT_DETAIL_URL_CAPTURE,City-specific festival date listed on Drik Month Panchang,https://www.drikpanchang.com/dashavatara/kalki/kalki-jayanti-date-time.html?year=2026,COMPLETE
2026-08,geoname:5134086,geoname:5134086|city:rochester,Rochester,New York,United States,America/New_York,5134086,2026-08-17,17,Monday,Kalki Jayanti,kalki jayanti,Kalki Jayanti,Kalki Jayanthi,KALKI_JAYANTHI,Yes,Yes,20,Distinct from Krishna Jayanthi; engine implemented.,https://www.drikpanchang.com/panchang/month-panchang.html?geoname-id=5134086&date=15/08/2026,https://www.drikpanchang.com/dashavatara/kalki/kalki-jayanti-date-time.html?year=2026,CAPTURED,V7_EVENT_DETAIL_URL_CAPTURE,City-specific festival date listed on Drik Month Panchang,https://www.drikpanchang.com/dashavatara/kalki/kalki-jayanti-date-time.html?year=2026,COMPLETE
2026-08,geoname:5139865,geoname:5139865|city:stonybrook,Stonybrook,New York,United States,America/New_York,5139865,2026-08-17,17,Monday,Kalki Jayanti,kalki jayanti,Kalki Jayanti,Kalki Jayanthi,KALKI_JAYANTHI,Yes,Yes,20,Distinct from Krishna Jayanthi; engine implemented.,https://www.drikpanchang.com/panchang/month-panchang.html?geoname-id=5139865&date=15/08/2026,https://www.drikpanchang.com/dashavatara/kalki/kalki-jayanti-date-time.html?year=2026,CAPTURED,V7_EVENT_DETAIL_URL_CAPTURE,City-specific festival date listed on Drik Month Panchang,https://www.drikpanchang.com/dashavatara/kalki/kalki-jayanti-date-time.html?year=2026,COMPLETE
2026-08,geoname:4922462,geoname:4922462|city:lafayette,Lafayette,Indiana,United States,America/Indiana/Indianapolis,4922462,2026-08-17,17,Monday,Kalki Jayanti,kalki jayanti,Kalki Jayanti,Kalki Jayanthi,KALKI_JAYANTHI,Yes,Yes,20,Distinct from Krishna Jayanthi; engine implemented.,https://www.drikpanchang.com/panchang/month-panchang.html?geoname-id=4922462&date=15/08/2026,https://www.drikpanchang.com/dashavatara/kalki/kalki-jayanti-date-time.html?year=2026,CAPTURED,V7_EVENT_DETAIL_URL_CAPTURE,City-specific festival date listed on Drik Month Panchang,https://www.drikpanchang.com/dashavatara/kalki/kalki-jayanti-date-time.html?year=2026,COMPLETE
2026-08,geoname:4887398,geoname:4887398|city:chicago,Chicago,Illinois,United States,America/Chicago,4887398,2026-08-17,17,Monday,Kalki Jayanti,kalki jayanti,Kalki Jayanti,Kalki Jayanthi,KALKI_JAYANTHI,Yes,Yes,20,Distinct from Krishna Jayanthi; engine implemented.,https://www.drikpanchang.com/panchang/month-panchang.html?geoname-id=4887398&date=15/08/2026,https://www.drikpanchang.com/dashavatara/kalki/kalki-jayanti-date-time.html?year=2026,CAPTURED,V7_EVENT_DETAIL_URL_CAPTURE,City-specific festival date listed on Drik Month Panchang,https://www.drikpanchang.com/dashavatara/kalki/kalki-jayanti-date-time.html?year=2026,COMPLETE
2026-08,geoname:4684888,geoname:4684888|city:dallas,Dallas,Texas,United States,America/Chicago,4684888,2026-08-17,17,Monday,Kalki Jayanti,kalki jayanti,Kalki Jayanti,Kalki Jayanthi,KALKI_JAYANTHI,Yes,Yes,20,Distinct from Krishna Jayanthi; engine implemented.,https://www.drikpanchang.com/panchang/month-panchang.html?geoname-id=4684888&date=15/08/2026,https://www.drikpanchang.com/dashavatara/kalki/kalki-jayanti-date-time.html?year=2026,CAPTURED,V7_EVENT_DETAIL_URL_CAPTURE,City-specific festival date listed on Drik Month Panchang,https://www.drikpanchang.com/dashavatara/kalki/kalki-jayanti-date-time.html?year=2026,COMPLETE
2026-08,geoname:4699066,geoname:4699066|city:houston,Houston,Texas,United States,America/Chicago,4699066,2026-08-17,17,Monday,Kalki Jayanti,kalki jayanti,Kalki Jayanti,Kalki Jayanthi,KALKI_JAYANTHI,Yes,Yes,20,Distinct from Krishna Jayanthi; engine implemented.,https://www.drikpanchang.com/panchang/month-panchang.html?geoname-id=4699066&date=15/08/2026,https://www.drikpanchang.com/dashavatara/kalki/kalki-jayanti-date-time.html?year=2026,CAPTURED,V7_EVENT_DETAIL_URL_CAPTURE,City-specific festival date listed on Drik Month Panchang,https://www.drikpanchang.com/dashavatara/kalki/kalki-jayanti-date-time.html?year=2026,COMPLETE
2026-08,geoname:5308655,geoname:5308655|city:phoenix,Phoenix,Arizona,United States,America/Phoenix,5308655,2026-08-17,17,Monday,Kalki Jayanti,kalki jayanti,Kalki Jayanti,Kalki Jayanthi,KALKI_JAYANTHI,Yes,Yes,20,Distinct from Krishna Jayanthi; engine implemented.,https://www.drikpanchang.com/panchang/month-panchang.html?geoname-id=5308655&date=15/08/2026,https://www.drikpanchang.com/dashavatara/kalki/kalki-jayanti-date-time.html?year=2026,CAPTURED,V7_EVENT_DETAIL_URL_CAPTURE,City-specific festival date listed on Drik Month Panchang,https://www.drikpanchang.com/dashavatara/kalki/kalki-jayanti-date-time.html?year=2026,COMPLETE
2026-08,geoname:5391959,geoname:5391959|city:san_francisco,San Francisco,California,United States,America/Los_Angeles,5391959,2026-08-17,17,Monday,Kalki Jayanti,kalki jayanti,Kalki Jayanti,Kalki Jayanthi,KALKI_JAYANTHI,Yes,Yes,20,Distinct from Krishna Jayanthi; engine implemented.,https://www.drikpanchang.com/panchang/month-panchang.html?geoname-id=5391959&date=15/08/2026,https://www.drikpanchang.com/dashavatara/kalki/kalki-jayanti-date-time.html?year=2026,CAPTURED,V7_EVENT_DETAIL_URL_CAPTURE,City-specific festival date listed on Drik Month Panchang,https://www.drikpanchang.com/dashavatara/kalki/kalki-jayanti-date-time.html?year=2026,COMPLETE
2026-08,geoname:5368361,geoname:5368361|city:los_angeles,Los Angeles,California,United States,America/Los_Angeles,5368361,2026-08-17,17,Monday,Kalki Jayanti,kalki jayanti,Kalki Jayanti,Kalki Jayanthi,KALKI_JAYANTHI,Yes,Yes,20,Distinct from Krishna Jayanthi; engine implemented.,https://www.drikpanchang.com/panchang/month-panchang.html?geoname-id=5368361&date=15/08/2026,https://www.drikpanchang.com/dashavatara/kalki/kalki-jayanti-date-time.html?year=2026,CAPTURED,V7_EVENT_DETAIL_URL_CAPTURE,City-specific festival date listed on Drik Month Panchang,https://www.drikpanchang.com/dashavatara/kalki/kalki-jayanti-date-time.html?year=2026,COMPLETE
2026-08,geoname:5809844,geoname:5809844|city:seattle,Seattle,Washington,United States,America/Los_Angeles,5809844,2026-08-17,17,Monday,Kalki Jayanti,kalki jayanti,Kalki Jayanti,Kalki Jayanthi,KALKI_JAYANTHI,Yes,Yes,20,Distinct from Krishna Jayanthi; engine implemented.,https://www.drikpanchang.com/panchang/month-panchang.html?geoname-id=5809844&date=15/08/2026,https://www.drikpanchang.com/dashavatara/kalki/kalki-jayanti-date-time.html?year=2026,CAPTURED,V7_EVENT_DETAIL_URL_CAPTURE,City-specific festival date listed on Drik Month Panchang,https://www.drikpanchang.com/dashavatara/kalki/kalki-jayanti-date-time.html?year=2026,COMPLETE
2026-08,geoname:4174757,geoname:4174757|city:tampa,Tampa,Florida,United States,America/New_York,4174757,2026-08-17,17,Monday,Kalki Jayanti,kalki jayanti,Kalki Jayanti,Kalki Jayanthi,KALKI_JAYANTHI,Yes,Yes,20,Distinct from Krishna Jayanthi; engine implemented.,https://www.drikpanchang.com/panchang/month-panchang.html?geoname-id=4174757&date=15/08/2026,https://www.drikpanchang.com/dashavatara/kalki/kalki-jayanti-date-time.html?year=2026,CAPTURED,V7_EVENT_DETAIL_URL_CAPTURE,City-specific festival date listed on Drik Month Panchang,https://www.drikpanchang.com/dashavatara/kalki/kalki-jayanti-date-time.html?year=2026,COMPLETE
2026-08,geoname:4167147,geoname:4167147|city:orlando,Orlando,Florida,United States,America/New_York,4167147,2026-08-17,17,Monday,Kalki Jayanti,kalki jayanti,Kalki Jayanti,Kalki Jayanthi,KALKI_JAYANTHI,Yes,Yes,20,Distinct from Krishna Jayanthi; engine implemented.,https://www.drikpanchang.com/panchang/month-panchang.html?geoname-id=4167147&date=15/08/2026,https://www.drikpanchang.com/dashavatara/kalki/kalki-jayanti-date-time.html?year=2026,CAPTURED,V7_EVENT_DETAIL_URL_CAPTURE,City-specific festival date listed on Drik Month Panchang,https://www.drikpanchang.com/dashavatara/kalki/kalki-jayanti-date-time.html?year=2026,COMPLETE
2026-08,geoname:4781708,geoname:4781708|city:richmond,Richmond,Virginia,United States,America/New_York,4781708,2026-08-17,17,Monday,Kalki Jayanti,kalki jayanti,Kalki Jayanti,Kalki Jayanthi,KALKI_JAYANTHI,Yes,Yes,20,Distinct from Krishna Jayanthi; engine implemented.,https://www.drikpanchang.com/panchang/month-panchang.html?geoname-id=4781708&date=15/08/2026,https://www.drikpanchang.com/dashavatara/kalki/kalki-jayanti-date-time.html?year=2026,CAPTURED,V7_EVENT_DETAIL_URL_CAPTURE,City-specific festival date listed on Drik Month Panchang,https://www.drikpanchang.com/dashavatara/kalki/kalki-jayanti-date-time.html?year=2026,COMPLETE
2026-08,geoname:4347778,geoname:4347778|city:baltimore,Baltimore,Maryland,United States,America/New_York,4347778,2026-08-17,17,Monday,Kalki Jayanti,kalki jayanti,Kalki Jayanti,Kalki Jayanthi,KALKI_JAYANTHI,Yes,Yes,20,Distinct from Krishna Jayanthi; engine implemented.,https://www.drikpanchang.com/panchang/month-panchang.html?geoname-id=4347778&date=15/08/2026,https://www.drikpanchang.com/dashavatara/kalki/kalki-jayanti-date-time.html?year=2026,CAPTURED,V7_EVENT_DETAIL_URL_CAPTURE,City-specific festival date listed on Drik Month Panchang,https://www.drikpanchang.com/dashavatara/kalki/kalki-jayanti-date-time.html?year=2026,COMPLETE
2026-08,geoname:4560349,geoname:4560349|city:philadelphia,Philadelphia,Pennsylvania,United States,America/New_York,4560349,2026-08-17,17,Monday,Kalki Jayanti,kalki jayanti,Kalki Jayanti,Kalki Jayanthi,KALKI_JAYANTHI,Yes,Yes,20,Distinct from Krishna Jayanthi; engine implemented.,https://www.drikpanchang.com/panchang/month-panchang.html?geoname-id=4560349&date=15/08/2026,https://www.drikpanchang.com/dashavatara/kalki/kalki-jayanti-date-time.html?year=2026,CAPTURED,V7_EVENT_DETAIL_URL_CAPTURE,City-specific festival date listed on Drik Month Panchang,https://www.drikpanchang.com/dashavatara/kalki/kalki-jayanti-date-time.html?year=2026,COMPLETE
2026-08,geoname:5128581,geoname:5128581|city:new_york,New York,New York,United States,America/New_York,5128581,2026-08-17,17,Monday,Kalki Jayanti,kalki jayanti,Kalki Jayanti,Kalki Jayanthi,KALKI_JAYANTHI,Yes,Yes,20,Distinct from Krishna Jayanthi; engine implemented.,https://www.drikpanchang.com/panchang/month-panchang.html?geoname-id=5128581&date=15/08/2026,https://www.drikpanchang.com/dashavatara/kalki/kalki-jayanti-date-time.html?year=2026,CAPTURED,V7_EVENT_DETAIL_URL_CAPTURE,City-specific festival date listed on Drik Month Panchang,https://www.drikpanchang.com/dashavatara/kalki/kalki-jayanti-date-time.html?year=2026,COMPLETE
2026-08,geoname:5099836,geoname:5099836|city:new_jersey,New Jersey,New Jersey,United States,America/New_York,5099836,2026-08-17,17,Monday,Kalki Jayanti,kalki jayanti,Kalki Jayanti,Kalki Jayanthi,KALKI_JAYANTHI,Yes,Yes,20,Distinct from Krishna Jayanthi; engine implemented.,https://www.drikpanchang.com/panchang/month-panchang.html?geoname-id=5099836&date=15/08/2026,https://www.drikpanchang.com/dashavatara/kalki/kalki-jayanti-date-time.html?year=2026,CAPTURED,V7_EVENT_DETAIL_URL_CAPTURE,City-specific festival date listed on Drik Month Panchang,https://www.drikpanchang.com/dashavatara/kalki/kalki-jayanti-date-time.html?year=2026,COMPLETE
2026-08,geoname:5110629,geoname:5110629|city:buffalo,Buffalo,New York,United States,America/New_York,5110629,2026-08-17,17,Monday,Kalki Jayanti,kalki jayanti,Kalki Jayanti,Kalki Jayanthi,KALKI_JAYANTHI,Yes,Yes,20,Distinct from Krishna Jayanthi; engine implemented.,https://www.drikpanchang.com/panchang/month-panchang.html?geoname-id=5110629&date=15/08/2026,https://www.drikpanchang.com/dashavatara/kalki/kalki-jayanti-date-time.html?year=2026,CAPTURED,V7_EVENT_DETAIL_URL_CAPTURE,City-specific festival date listed on Drik Month Panchang,https://www.drikpanchang.com/dashavatara/kalki/kalki-jayanti-date-time.html?year=2026,COMPLETE
2026-08,geoname:5150529,geoname:5150529|city:cleveland,Cleveland,Ohio,United States,America/New_York,5150529,2026-08-17,17,Monday,Kalki Jayanti,kalki jayanti,Kalki Jayanti,Kalki Jayanthi,KALKI_JAYANTHI,Yes,Yes,20,Distinct from Krishna Jayanthi; engine implemented.,https://www.drikpanchang.com/panchang/month-panchang.html?geoname-id=5150529&date=15/08/2026,https://www.drikpanchang.com/dashavatara/kalki/kalki-jayanti-date-time.html?year=2026,CAPTURED,V7_EVENT_DETAIL_URL_CAPTURE,City-specific festival date listed on Drik Month Panchang,https://www.drikpanchang.com/dashavatara/kalki/kalki-jayanti-date-time.html?year=2026,COMPLETE
2026-08,geoname:4509177,geoname:4509177|city:columbus,Columbus,Ohio,United States,America/New_York,4509177,2026-08-17,17,Monday,Kalki Jayanti,kalki jayanti,Kalki Jayanti,Kalki Jayanthi,KALKI_JAYANTHI,Yes,Yes,20,Distinct from Krishna Jayanthi; engine implemented.,https://www.drikpanchang.com/panchang/month-panchang.html?geoname-id=4509177&date=15/08/2026,https://www.drikpanchang.com/dashavatara/kalki/kalki-jayanti-date-time.html?year=2026,CAPTURED,V7_EVENT_DETAIL_URL_CAPTURE,City-specific festival date listed on Drik Month Panchang,https://www.drikpanchang.com/dashavatara/kalki/kalki-jayanti-date-time.html?year=2026,COMPLETE
2026-08,geoname:4508722,geoname:4508722|city:cincinnati,Cincinnati,Ohio,United States,America/New_York,4508722,2026-08-17,17,Monday,Kalki Jayanti,kalki jayanti,Kalki Jayanti,Kalki Jayanthi,KALKI_JAYANTHI,Yes,Yes,20,Distinct from Krishna Jayanthi; engine implemented.,https://www.drikpanchang.com/panchang/month-panchang.html?geoname-id=4508722&date=15/08/2026,https://www.drikpanchang.com/dashavatara/kalki/kalki-jayanti-date-time.html?year=2026,CAPTURED,V7_EVENT_DETAIL_URL_CAPTURE,City-specific festival date listed on Drik Month Panchang,https://www.drikpanchang.com/dashavatara/kalki/kalki-jayanti-date-time.html?year=2026,COMPLETE
2026-08,geoname:4634946,geoname:4634946|city:knoxville,Knoxville,Tennessee,United States,America/New_York,4634946,2026-08-17,17,Monday,Kalki Jayanti,kalki jayanti,Kalki Jayanti,Kalki Jayanthi,KALKI_JAYANTHI,Yes,Yes,20,Distinct from Krishna Jayanthi; engine implemented.,https://www.drikpanchang.com/panchang/month-panchang.html?geoname-id=4634946&date=15/08/2026,https://www.drikpanchang.com/dashavatara/kalki/kalki-jayanti-date-time.html?year=2026,CAPTURED,V7_EVENT_DETAIL_URL_CAPTURE,City-specific festival date listed on Drik Month Panchang,https://www.drikpanchang.com/dashavatara/kalki/kalki-jayanti-date-time.html?year=2026,COMPLETE
2026-08,geoname:4644585,geoname:4644585|city:nashville,Nashville,Tennessee,United States,America/Chicago,4644585,2026-08-17,17,Monday,Kalki Jayanti,kalki jayanti,Kalki Jayanti,Kalki Jayanthi,KALKI_JAYANTHI,Yes,Yes,20,Distinct from Krishna Jayanthi; engine implemented.,https://www.drikpanchang.com/panchang/month-panchang.html?geoname-id=4644585&date=15/08/2026,https://www.drikpanchang.com/dashavatara/kalki/kalki-jayanti-date-time.html?year=2026,CAPTURED,V7_EVENT_DETAIL_URL_CAPTURE,City-specific festival date listed on Drik Month Panchang,https://www.drikpanchang.com/dashavatara/kalki/kalki-jayanti-date-time.html?year=2026,COMPLETE
2026-08,geoname:5383527,geoname:5383527|city:placentia,Placentia,California,United States,America/Los_Angeles,5383527,2026-08-17,17,Monday,Kalki Jayanti,kalki jayanti,Kalki Jayanti,Kalki Jayanthi,KALKI_JAYANTHI,Yes,Yes,20,Distinct from Krishna Jayanthi; engine implemented.,https://www.drikpanchang.com/panchang/month-panchang.html?geoname-id=5383527&date=15/08/2026,https://www.drikpanchang.com/dashavatara/kalki/kalki-jayanti-date-time.html?year=2026,CAPTURED,V7_EVENT_DETAIL_URL_CAPTURE,City-specific festival date listed on Drik Month Panchang,https://www.drikpanchang.com/dashavatara/kalki/kalki-jayanti-date-time.html?year=2026,COMPLETE
2026-08,geoname:4180439,geoname:4180439|city:atlanta,Atlanta,Georgia,United States,America/New_York,4180439,2026-08-17,17,Monday,Kalki Jayanti,kalki jayanti,Kalki Jayanti,Kalki Jayanthi,KALKI_JAYANTHI,Yes,Yes,20,Distinct from Krishna Jayanthi; engine implemented.,https://www.drikpanchang.com/panchang/month-panchang.html?geoname-id=4180439&date=15/08/2026,https://www.drikpanchang.com/dashavatara/kalki/kalki-jayanti-date-time.html?year=2026,CAPTURED,V7_EVENT_DETAIL_URL_CAPTURE,City-specific festival date listed on Drik Month Panchang,https://www.drikpanchang.com/dashavatara/kalki/kalki-jayanti-date-time.html?year=2026,COMPLETE
2026-08,geoname:1264527,geoname:1264527|city:chennai,Chennai,Tamil Nadu,India,Asia/Kolkata,1264527,2026-08-18,18,Tuesday,Kalki Jayanti,kalki jayanti,Kalki Jayanti,Kalki Jayanthi,KALKI_JAYANTHI,Yes,Yes,20,Distinct from Krishna Jayanthi; engine implemented.,https://www.drikpanchang.com/panchang/month-panchang.html?geoname-id=1264527&date=15/08/2026,https://www.drikpanchang.com/dashavatara/kalki/kalki-jayanti-date-time.html?year=2026,CAPTURED,V7_EVENT_DETAIL_URL_CAPTURE,City-specific festival date listed on Drik Month Panchang,https://www.drikpanchang.com/dashavatara/kalki/kalki-jayanti-date-time.html?year=2026,COMPLETE
2026-08,geoname:1254163,geoname:1254163|city:thiruvananthapuram,Thiruvananthapuram,Kerala,India,Asia/Kolkata,1254163,2026-08-18,18,Tuesday,Kalki Jayanti,kalki jayanti,Kalki Jayanti,Kalki Jayanthi,KALKI_JAYANTHI,Yes,Yes,20,Distinct from Krishna Jayanthi; engine implemented.,https://www.drikpanchang.com/panchang/month-panchang.html?geoname-id=1254163&date=15/08/2026,https://www.drikpanchang.com/dashavatara/kalki/kalki-jayanti-date-time.html?year=2026,CAPTURED,V7_EVENT_DETAIL_URL_CAPTURE,City-specific festival date listed on Drik Month Panchang,https://www.drikpanchang.com/dashavatara/kalki/kalki-jayanti-date-time.html?year=2026,COMPLETE
2026-08,geoname:1275339,geoname:1275339|city:mumbai,Mumbai,Maharashtra,India,Asia/Kolkata,1275339,2026-08-18,18,Tuesday,Kalki Jayanti,kalki jayanti,Kalki Jayanti,Kalki Jayanthi,KALKI_JAYANTHI,Yes,Yes,20,Distinct from Krishna Jayanthi; engine implemented.,https://www.drikpanchang.com/panchang/month-panchang.html?geoname-id=1275339&date=15/08/2026,https://www.drikpanchang.com/dashavatara/kalki/kalki-jayanti-date-time.html?year=2026,CAPTURED,V7_EVENT_DETAIL_URL_CAPTURE,City-specific festival date listed on Drik Month Panchang,https://www.drikpanchang.com/dashavatara/kalki/kalki-jayanti-date-time.html?year=2026,COMPLETE
2026-08,geoname:1275004,geoname:1275004|city:kolkata,Kolkata,West Bengal,India,Asia/Kolkata,1275004,2026-08-18,18,Tuesday,Kalki Jayanti,kalki jayanti,Kalki Jayanti,Kalki Jayanthi,KALKI_JAYANTHI,Yes,Yes,20,Distinct from Krishna Jayanthi; engine implemented.,https://www.drikpanchang.com/panchang/month-panchang.html?geoname-id=1275004&date=15/08/2026,https://www.drikpanchang.com/dashavatara/kalki/kalki-jayanti-date-time.html?year=2026,CAPTURED,V7_EVENT_DETAIL_URL_CAPTURE,City-specific festival date listed on Drik Month Panchang,https://www.drikpanchang.com/dashavatara/kalki/kalki-jayanti-date-time.html?year=2026,COMPLETE
2026-08,geoname:1275817,geoname:1275817|city:bhubaneswar,Bhubaneswar,Odisha,India,Asia/Kolkata,1275817,2026-08-18,18,Tuesday,Kalki Jayanti,kalki jayanti,Kalki Jayanti,Kalki Jayanthi,KALKI_JAYANTHI,Yes,Yes,20,Distinct from Krishna Jayanthi; engine implemented.,https://www.drikpanchang.com/panchang/month-panchang.html?geoname-id=1275817&date=15/08/2026,https://www.drikpanchang.com/dashavatara/kalki/kalki-jayanti-date-time.html?year=2026,CAPTURED,V7_EVENT_DETAIL_URL_CAPTURE,City-specific festival date listed on Drik Month Panchang,https://www.drikpanchang.com/dashavatara/kalki/kalki-jayanti-date-time.html?year=2026,COMPLETE
2026-08,geoname:1254360,geoname:1254360|city:tirupati,Tirupati,Andhra Pradesh,India,Asia/Kolkata,1254360,2026-08-18,18,Tuesday,Kalki Jayanti,kalki jayanti,Kalki Jayanti,Kalki Jayanthi,KALKI_JAYANTHI,Yes,Yes,20,Distinct from Krishna Jayanthi; engine implemented.,https://www.drikpanchang.com/panchang/month-panchang.html?geoname-id=1254360&date=15/08/2026,https://www.drikpanchang.com/dashavatara/kalki/kalki-jayanti-date-time.html?year=2026,CAPTURED,V7_EVENT_DETAIL_URL_CAPTURE,City-specific festival date listed on Drik Month Panchang,https://www.drikpanchang.com/dashavatara/kalki/kalki-jayanti-date-time.html?year=2026,COMPLETE
2026-08,geoname:1275841,geoname:1275841|city:bhopal,Bhopal,Madhya Pradesh,India,Asia/Kolkata,1275841,2026-08-18,18,Tuesday,Kalki Jayanti,kalki jayanti,Kalki Jayanti,Kalki Jayanthi,KALKI_JAYANTHI,Yes,Yes,20,Distinct from Krishna Jayanthi; engine implemented.,https://www.drikpanchang.com/panchang/month-panchang.html?geoname-id=1275841&date=15/08/2026,https://www.drikpanchang.com/dashavatara/kalki/kalki-jayanti-date-time.html?year=2026,CAPTURED,V7_EVENT_DETAIL_URL_CAPTURE,City-specific festival date listed on Drik Month Panchang,https://www.drikpanchang.com/dashavatara/kalki/kalki-jayanti-date-time.html?year=2026,COMPLETE
2026-08,geoname:1253405,geoname:1253405|city:varanasi,Varanasi,Uttar Pradesh,India,Asia/Kolkata,1253405,2026-08-18,18,Tuesday,Kalki Jayanti,kalki jayanti,Kalki Jayanti,Kalki Jayanthi,KALKI_JAYANTHI,Yes,Yes,20,Distinct from Krishna Jayanthi; engine implemented.,https://www.drikpanchang.com/panchang/month-panchang.html?geoname-id=1253405&date=15/08/2026,https://www.drikpanchang.com/dashavatara/kalki/kalki-jayanti-date-time.html?year=2026,CAPTURED,V7_EVENT_DETAIL_URL_CAPTURE,City-specific festival date listed on Drik Month Panchang,https://www.drikpanchang.com/dashavatara/kalki/kalki-jayanti-date-time.html?year=2026,COMPLETE
2026-08,geoname:1278994,geoname:1278994|city:prayagraj,Prayagraj,Uttar Pradesh,India,Asia/Kolkata,1278994,2026-08-18,18,Tuesday,Kalki Jayanti,kalki jayanti,Kalki Jayanti,Kalki Jayanthi,KALKI_JAYANTHI,Yes,Yes,20,Distinct from Krishna Jayanthi; engine implemented.,https://www.drikpanchang.com/panchang/month-panchang.html?geoname-id=1278994&date=15/08/2026,https://www.drikpanchang.com/dashavatara/kalki/kalki-jayanti-date-time.html?year=2026,CAPTURED,V7_EVENT_DETAIL_URL_CAPTURE,City-specific festival date listed on Drik Month Panchang,https://www.drikpanchang.com/dashavatara/kalki/kalki-jayanti-date-time.html?year=2026,COMPLETE
2026-08,geoname:1264733,geoname:1264733|city:lucknow,Lucknow,Uttar Pradesh,India,Asia/Kolkata,1264733,2026-08-18,18,Tuesday,Kalki Jayanti,kalki jayanti,Kalki Jayanti,Kalki Jayanthi,KALKI_JAYANTHI,Yes,Yes,20,Distinct from Krishna Jayanthi; engine implemented.,https://www.drikpanchang.com/panchang/month-panchang.html?geoname-id=1264733&date=15/08/2026,https://www.drikpanchang.com/dashavatara/kalki/kalki-jayanti-date-time.html?year=2026,CAPTURED,V7_EVENT_DETAIL_URL_CAPTURE,City-specific festival date listed on Drik Month Panchang,https://www.drikpanchang.com/dashavatara/kalki/kalki-jayanti-date-time.html?year=2026,COMPLETE
2026-08,geoname:1255634,geoname:1255634|city:srinagar,Srinagar,Jammu and Kashmir,India,Asia/Kolkata,1255634,2026-08-18,18,Tuesday,Kalki Jayanti,kalki jayanti,Kalki Jayanti,Kalki Jayanthi,KALKI_JAYANTHI,Yes,Yes,20,Distinct from Krishna Jayanthi; engine implemented.,https://www.drikpanchang.com/panchang/month-panchang.html?geoname-id=1255634&date=15/08/2026,https://www.drikpanchang.com/dashavatara/kalki/kalki-jayanti-date-time.html?year=2026,CAPTURED,V7_EVENT_DETAIL_URL_CAPTURE,City-specific festival date listed on Drik Month Panchang,https://www.drikpanchang.com/dashavatara/kalki/kalki-jayanti-date-time.html?year=2026,COMPLETE
2026-08,geoname:2174003,geoname:2174003|city:brisbane,Brisbane,Queensland,Australia,Australia/Brisbane,2174003,2026-08-18,18,Tuesday,Kalki Jayanti,kalki jayanti,Kalki Jayanti,Kalki Jayanthi,KALKI_JAYANTHI,Yes,Yes,20,Distinct from Krishna Jayanthi; engine implemented.,https://www.drikpanchang.com/panchang/month-panchang.html?geoname-id=2174003&date=15/08/2026,https://www.drikpanchang.com/dashavatara/kalki/kalki-jayanti-date-time.html?year=2026,CAPTURED,V7_EVENT_DETAIL_URL_CAPTURE,City-specific festival date listed on Drik Month Panchang,https://www.drikpanchang.com/dashavatara/kalki/kalki-jayanti-date-time.html?year=2026,COMPLETE
2026-08,geoname:2158177,geoname:2158177|city:melbourne,Melbourne,Victoria,Australia,Australia/Melbourne,2158177,2026-08-18,18,Tuesday,Kalki Jayanti,kalki jayanti,Kalki Jayanti,Kalki Jayanthi,KALKI_JAYANTHI,Yes,Yes,20,Distinct from Krishna Jayanthi; engine implemented.,https://www.drikpanchang.com/panchang/month-panchang.html?geoname-id=2158177&date=15/08/2026,https://www.drikpanchang.com/dashavatara/kalki/kalki-jayanti-date-time.html?year=2026,CAPTURED,V7_EVENT_DETAIL_URL_CAPTURE,City-specific festival date listed on Drik Month Panchang,https://www.drikpanchang.com/dashavatara/kalki/kalki-jayanti-date-time.html?year=2026,COMPLETE
2026-08,geoname:2078025,geoname:2078025|city:adelaide,Adelaide,South Australia,Australia,Australia/Adelaide,2078025,2026-08-18,18,Tuesday,Kalki Jayanti,kalki jayanti,Kalki Jayanti,Kalki Jayanthi,KALKI_JAYANTHI,Yes,Yes,20,Distinct from Krishna Jayanthi; engine implemented.,https://www.drikpanchang.com/panchang/month-panchang.html?geoname-id=2078025&date=15/08/2026,https://www.drikpanchang.com/dashavatara/kalki/kalki-jayanti-date-time.html?year=2026,CAPTURED,V7_EVENT_DETAIL_URL_CAPTURE,City-specific festival date listed on Drik Month Panchang,https://www.drikpanchang.com/dashavatara/kalki/kalki-jayanti-date-time.html?year=2026,COMPLETE
2026-08,geoname:2063523,geoname:2063523|city:perth,Perth,Western Australia,Australia,Australia/Perth,2063523,2026-08-18,18,Tuesday,Kalki Jayanti,kalki jayanti,Kalki Jayanti,Kalki Jayanthi,KALKI_JAYANTHI,Yes,Yes,20,Distinct from Krishna Jayanthi; engine implemented.,https://www.drikpanchang.com/panchang/month-panchang.html?geoname-id=2063523&date=15/08/2026,https://www.drikpanchang.com/dashavatara/kalki/kalki-jayanti-date-time.html?year=2026,CAPTURED,V7_EVENT_DETAIL_URL_CAPTURE,City-specific festival date listed on Drik Month Panchang,https://www.drikpanchang.com/dashavatara/kalki/kalki-jayanti-date-time.html?year=2026,COMPLETE
2026-08,geoname:2172517,geoname:2172517|city:canberra,Canberra,Australian Capital Territory,Australia,Australia/Sydney,2172517,2026-08-18,18,Tuesday,Kalki Jayanti,kalki jayanti,Kalki Jayanti,Kalki Jayanthi,KALKI_JAYANTHI,Yes,Yes,20,Distinct from Krishna Jayanthi; engine implemented.,https://www.drikpanchang.com/panchang/month-panchang.html?geoname-id=2172517&date=15/08/2026,https://www.drikpanchang.com/dashavatara/kalki/kalki-jayanti-date-time.html?year=2026,CAPTURED,V7_EVENT_DETAIL_URL_CAPTURE,City-specific festival date listed on Drik Month Panchang,https://www.drikpanchang.com/dashavatara/kalki/kalki-jayanti-date-time.html?year=2026,COMPLETE
2026-08,geoname:2147714,geoname:2147714|city:sydney,Sydney,New South Wales,Australia,Australia/Sydney,2147714,2026-08-18,18,Tuesday,Kalki Jayanti,kalki jayanti,Kalki Jayanti,Kalki Jayanthi,KALKI_JAYANTHI,Yes,Yes,20,Distinct from Krishna Jayanthi; engine implemented.,https://www.drikpanchang.com/panchang/month-panchang.html?geoname-id=2147714&date=15/08/2026,https://www.drikpanchang.com/dashavatara/kalki/kalki-jayanti-date-time.html?year=2026,CAPTURED,V7_EVENT_DETAIL_URL_CAPTURE,City-specific festival date listed on Drik Month Panchang,https://www.drikpanchang.com/dashavatara/kalki/kalki-jayanti-date-time.html?year=2026,COMPLETE
