Date,Location Key,Input Order,City,State/Region,Country,Timezone,Geoname ID,Selected Drik Location,Samvatsara,Ayana,Ritu,Amanta Maasa,Paksha,Tithi,Vaara,Nakshatra,Yoga,Karana,Sooryodaya,Month Page URL,Day Page URL,Stored At,Source Run Mode,Special Events,Special Event Details,Note,Message,Master Event Count,Error
2026-10-05,geoname:2938913|city:darmstadt,1,Darmstadt,Hesse,Germany,Europe/Berlin,2938913,Darmstadt,Parabhava,Dakshinayana,Varsha (Monsoon),Bhadrapada,Krishna Paksha,Dashami upto 10:37 PM,Somawara,Pushya upto 07:39 PM,"Siddha upto 03:50 AM, Oct 06",Vanija upto 11:28 AM; Vishti upto 10:37 PM,07:31 AM,https://www.drikpanchang.com/panchang/month-panchang.html?geoname-id=2938913&date=05/10/2026,https://www.drikpanchang.com/panchang/day-panchang.html?geoname-id=2938913&date=05/10/2026,2026-09-07T10:55:52-04:00,BACKFILL,,,,,0,
2026-10-05,geoname:285787|city:kuwait,2,Kuwait,Al Asimah,Kuwait,Asia/Kuwait,285787,Kuwait City,Parabhava,Dakshinayana,Varsha (Monsoon),Bhadrapada,Krishna Paksha,Dashami upto 11:37 PM,Somawara,Pushya upto 08:39 PM,"Shiva upto 07:21 AM; Siddha upto 04:50 AM, Oct 06",Vanija upto 12:28 PM; Vishti upto 11:37 PM,05:43 AM,https://www.drikpanchang.com/panchang/month-panchang.html?geoname-id=285787&date=05/10/2026,https://www.drikpanchang.com/panchang/day-panchang.html?geoname-id=285787&date=05/10/2026,2026-09-07T10:55:52-04:00,BACKFILL,,,,,0,
2026-10-05,geoname:1273865|city:coimbatore,3,Coimbatore,Tamil Nadu,India,Asia/Kolkata,1273865,Coimbatore,Parabhava,Dakshinayana,Varsha (Monsoon),Bhadrapada,Krishna Paksha,"Dashami upto 02:07 AM, Oct 06",Somawara,Pushya upto 11:09 PM,Shiva upto 09:51 AM,"Vanija upto 02:58 PM; Vishti upto 02:07 AM, Oct 06",06:11 AM,https://www.drikpanchang.com/panchang/month-panchang.html?geoname-id=1273865&date=05/10/2026,https://www.drikpanchang.com/panchang/day-panchang.html?geoname-id=1273865&date=05/10/2026,2026-09-07T10:55:52-04:00,BACKFILL,,,,,0,
2026-10-05,geoname:6182962|city:windsor,4,Windsor,Ontario,Canada,America/New_York,6182962,Windsor,Parabhava,Dakshinayana,Varsha (Monsoon),Bhadrapada,Krishna Paksha,Dashami upto 04:37 PM,Somawara,Pushya upto 01:39 PM,Siddha upto 09:50 PM,"Vishti upto 04:37 PM; Bava upto 03:49 AM, Oct 06",07:34 AM,https://www.drikpanchang.com/panchang/month-panchang.html?geoname-id=6182962&date=05/10/2026,https://www.drikpanchang.com/panchang/day-panchang.html?geoname-id=6182962&date=05/10/2026,2026-09-07T10:55:52-04:00,BACKFILL,,,,,0,
2026-10-05,geoname:2643743|city:london,5,London,London,United Kingdom,Europe/London,2643743,London,Parabhava,Dakshinayana,Varsha (Monsoon),Bhadrapada,Krishna Paksha,Dashami upto 09:37 PM,Somawara,Pushya upto 06:39 PM,"Siddha upto 02:50 AM, Oct 06",Vanija upto 10:28 AM; Vishti upto 09:37 PM,07:08 AM,https://www.drikpanchang.com/panchang/month-panchang.html?geoname-id=2643743&date=05/10/2026,https://www.drikpanchang.com/panchang/day-panchang.html?geoname-id=2643743&date=05/10/2026,2026-09-07T10:55:52-04:00,BACKFILL,,,,,0,
2026-10-05,geoname:1276533|city:belgaum,6,Belgaum,Karnataka,India,Asia/Kolkata,1276533,Belgaum,Parabhava,Dakshinayana,Varsha (Monsoon),Bhadrapada,Krishna Paksha,"Dashami upto 02:07 AM, Oct 06",Somawara,Pushya upto 11:09 PM,Shiva upto 09:51 AM,"Vanija upto 02:58 PM; Vishti upto 02:07 AM, Oct 06",06:22 AM,https://www.drikpanchang.com/panchang/month-panchang.html?geoname-id=1276533&date=05/10/2026,https://www.drikpanchang.com/panchang/day-panchang.html?geoname-id=1276533&date=05/10/2026,2026-09-07T10:55:52-04:00,BACKFILL,,,,,0,
2026-10-05,geoname:1269920|city:hubli,7,Hubli,Karnataka,India,Asia/Kolkata,1269920,Hubli,Parabhava,Dakshinayana,Varsha (Monsoon),Bhadrapada,Krishna Paksha,"Dashami upto 02:07 AM, Oct 06",Somawara,Pushya upto 11:09 PM,Shiva upto 09:51 AM,"Vanija upto 02:58 PM; Vishti upto 02:07 AM, Oct 06",06:20 AM,https://www.drikpanchang.com/panchang/month-panchang.html?geoname-id=1269920&date=05/10/2026,https://www.drikpanchang.com/panchang/day-panchang.html?geoname-id=1269920&date=05/10/2026,2026-09-07T10:55:52-04:00,BACKFILL,,,,,0,
2026-10-05,geoname:6173331|city:vancouver,8,Vancouver,British Columbia,Canada,America/Los_Angeles,6173331,Vancouver,Parabhava,Dakshinayana,Varsha (Monsoon),Bhadrapada,Krishna Paksha,Dashami upto 01:37 PM,Somawara,Pushya upto 10:39 AM,Siddha upto 06:50 PM,"Vishti upto 01:37 PM; Bava upto 12:49 AM, Oct 06",07:19 AM,https://www.drikpanchang.com/panchang/month-panchang.html?geoname-id=6173331&date=05/10/2026,https://www.drikpanchang.com/panchang/day-panchang.html?geoname-id=6173331&date=05/10/2026,2026-09-07T10:55:52-04:00,BACKFILL,,,,,0,
2026-10-05,geoname:5108728|city:belfast,9,Belfast,New York,United States,America/New_York,5108728,Belmont,Parabhava,Dakshinayana,Varsha (Monsoon),Bhadrapada,Krishna Paksha,Dashami upto 04:37 PM,Somawara,Pushya upto 01:39 PM,Siddha upto 09:50 PM,"Vishti upto 04:37 PM; Bava upto 03:49 AM, Oct 06",07:14 AM,https://www.drikpanchang.com/panchang/month-panchang.html?geoname-id=5108728&date=05/10/2026,https://www.drikpanchang.com/panchang/day-panchang.html?geoname-id=5108728&date=05/10/2026,2026-09-07T10:55:52-04:00,BACKFILL,,,,,0,
2026-10-05,geoname:1835848|city:seoul,10,Seoul,Seoul,South Korea,Asia/Seoul,1835848,Seoul,Parabhava,Dakshinayana,Varsha (Monsoon),Bhadrapada,Krishna Paksha,"Navami upto 07:23 AM; Dashami upto 05:37 AM, Oct 06",Somawara,"Pushya upto 02:39 AM, Oct 06",Shiva upto 01:21 PM,"Garaja upto 07:23 AM; Vanija upto 06:28 PM; Vishti upto 05:37 AM, Oct 06",06:31 AM,https://www.drikpanchang.com/panchang/month-panchang.html?geoname-id=1835848&date=05/10/2026,https://www.drikpanchang.com/panchang/day-panchang.html?geoname-id=1835848&date=05/10/2026,2026-09-07T10:55:52-04:00,BACKFILL,,,,,0,
2026-10-05,geoname:2193733|city:auckland,11,Auckland,Auckland,New Zealand,Pacific/Auckland,2193733,Auckland,Parabhava,Dakshinayana,Shishir (Winter),Bhadrapada,Krishna Paksha,Navami upto 11:23 AM,Somawara,"Punarvasu upto 07:43 AM; Pushya upto 06:39 AM, Oct 06",Shiva upto 05:21 PM,Garaja upto 11:23 AM; Vanija upto 10:28 PM,06:52 AM,https://www.drikpanchang.com/panchang/month-panchang.html?geoname-id=2193733&date=05/10/2026,https://www.drikpanchang.com/panchang/day-panchang.html?geoname-id=2193733&date=05/10/2026,2026-09-07T10:55:52-04:00,BACKFILL,,,,,0,
2026-10-05,geoname:2179537|city:wellington,12,Wellington,Wellington,New Zealand,Pacific/Auckland,2179537,Wellington,Parabhava,Dakshinayana,Shishir (Winter),Bhadrapada,Krishna Paksha,Navami upto 11:23 AM,Somawara,"Punarvasu upto 07:43 AM; Pushya upto 06:39 AM, Oct 06",Shiva upto 05:21 PM,Garaja upto 11:23 AM; Vanija upto 10:28 PM,06:49 AM,https://www.drikpanchang.com/panchang/month-panchang.html?geoname-id=2179537&date=05/10/2026,https://www.drikpanchang.com/panchang/day-panchang.html?geoname-id=2179537&date=05/10/2026,2026-09-07T10:55:52-04:00,BACKFILL,,,,,0,
2026-10-05,geoname:2192362|city:christchurch,13,Christchurch,Canterbury,New Zealand,Pacific/Auckland,2192362,Christchurch,Parabhava,Dakshinayana,Shishir (Winter),Bhadrapada,Krishna Paksha,Navami upto 11:23 AM,Somawara,"Punarvasu upto 07:43 AM; Pushya upto 06:39 AM, Oct 06",Shiva upto 05:21 PM,Garaja upto 11:23 AM; Vanija upto 10:28 PM,06:56 AM,https://www.drikpanchang.com/panchang/month-panchang.html?geoname-id=2192362&date=05/10/2026,https://www.drikpanchang.com/panchang/day-panchang.html?geoname-id=2192362&date=05/10/2026,2026-09-07T10:55:52-04:00,BACKFILL,,,,,0,
2026-10-05,geoname:1279290|city:agartala,14,Agartala,Tripura,India,Asia/Kolkata,1279290,Agartala,Parabhava,Dakshinayana,Varsha (Monsoon),Bhadrapada,Krishna Paksha,"Dashami upto 02:07 AM, Oct 06",Somawara,Pushya upto 11:09 PM,Shiva upto 09:51 AM,"Vanija upto 02:58 PM; Vishti upto 02:07 AM, Oct 06",05:18 AM,https://www.drikpanchang.com/panchang/month-panchang.html?geoname-id=1279290&date=05/10/2026,https://www.drikpanchang.com/panchang/day-panchang.html?geoname-id=1279290&date=05/10/2026,2026-09-07T10:55:52-04:00,BACKFILL,,,,,0,
2026-10-05,geoname:1271476|city:guwahati,15,Guwahati,Assam,India,Asia/Kolkata,1271476,Guwahati,Parabhava,Dakshinayana,Varsha (Monsoon),Bhadrapada,Krishna Paksha,"Dashami upto 02:07 AM, Oct 06",Somawara,Pushya upto 11:09 PM,Shiva upto 09:51 AM,"Vanija upto 02:58 PM; Vishti upto 02:07 AM, Oct 06",05:17 AM,https://www.drikpanchang.com/panchang/month-panchang.html?geoname-id=1271476&date=05/10/2026,https://www.drikpanchang.com/panchang/day-panchang.html?geoname-id=1271476&date=05/10/2026,2026-09-07T10:55:52-04:00,BACKFILL,,,,,0,
2026-10-05,geoname:1256525|city:shiliguri,16,Shiliguri,West Bengal,India,Asia/Kolkata,1256525,Shiliguri,Parabhava,Dakshinayana,Varsha (Monsoon),Bhadrapada,Krishna Paksha,"Dashami upto 02:07 AM, Oct 06",Somawara,Pushya upto 11:09 PM,Shiva upto 09:51 AM,"Vanija upto 02:58 PM; Vishti upto 02:07 AM, Oct 06",05:30 AM,https://www.drikpanchang.com/panchang/month-panchang.html?geoname-id=1256525&date=05/10/2026,https://www.drikpanchang.com/panchang/day-panchang.html?geoname-id=1256525&date=05/10/2026,2026-09-07T10:55:52-04:00,BACKFILL,,,,,0,
2026-10-05,geoname:1279186|city:aizawl,17,Aizawl,Mizoram,India,Asia/Kolkata,1279186,Aizawl,Parabhava,Dakshinayana,Varsha (Monsoon),Bhadrapada,Krishna Paksha,"Dashami upto 02:07 AM, Oct 06",Somawara,Pushya upto 11:09 PM,Shiva upto 09:51 AM,"Vanija upto 02:58 PM; Vishti upto 02:07 AM, Oct 06",05:12 AM,https://www.drikpanchang.com/panchang/month-panchang.html?geoname-id=1279186&date=05/10/2026,https://www.drikpanchang.com/panchang/day-panchang.html?geoname-id=1279186&date=05/10/2026,2026-09-07T10:55:52-04:00,BACKFILL,,,,,0,
2026-10-05,geoname:1271631|city:gangtok,18,Gangtok,Sikkim,India,Asia/Kolkata,1271631,Gangtok,Parabhava,Dakshinayana,Varsha (Monsoon),Bhadrapada,Krishna Paksha,"Dashami upto 02:07 AM, Oct 06",Somawara,Pushya upto 11:09 PM,Shiva upto 09:51 AM,"Vanija upto 02:58 PM; Vishti upto 02:07 AM, Oct 06",05:30 AM,https://www.drikpanchang.com/panchang/month-panchang.html?geoname-id=1271631&date=05/10/2026,https://www.drikpanchang.com/panchang/day-panchang.html?geoname-id=1271631&date=05/10/2026,2026-09-07T10:55:52-04:00,BACKFILL,,,,,0,
2026-10-05,geoname:1256287|city:silchar,19,Silchar,Assam,India,Asia/Kolkata,1256287,Silchar,Parabhava,Dakshinayana,Varsha (Monsoon),Bhadrapada,Krishna Paksha,"Dashami upto 02:07 AM, Oct 06",Somawara,Pushya upto 11:09 PM,Shiva upto 09:51 AM,"Vanija upto 02:58 PM; Vishti upto 02:07 AM, Oct 06",05:12 AM,https://www.drikpanchang.com/panchang/month-panchang.html?geoname-id=1256287&date=05/10/2026,https://www.drikpanchang.com/panchang/day-panchang.html?geoname-id=1256287&date=05/10/2026,2026-09-07T10:55:52-04:00,BACKFILL,,,,,0,
2026-10-05,geoname:1272648|city:dibrugarh,20,Dibrugarh,Assam,India,Asia/Kolkata,1272648,Dibrugarh,Parabhava,Dakshinayana,Varsha (Monsoon),Bhadrapada,Krishna Paksha,"Dashami upto 02:07 AM, Oct 06",Somawara,Pushya upto 11:09 PM,Shiva upto 09:51 AM,"Vanija upto 02:58 PM; Vishti upto 02:07 AM, Oct 06",05:05 AM,https://www.drikpanchang.com/panchang/month-panchang.html?geoname-id=1272648&date=05/10/2026,https://www.drikpanchang.com/panchang/day-panchang.html?geoname-id=1272648&date=05/10/2026,2026-09-07T10:55:52-04:00,BACKFILL,,,,,0,
2026-10-05,geoname:1269771|city:imphal,21,Imphal,Manipur,India,Asia/Kolkata,1269771,Imphal,Parabhava,Dakshinayana,Varsha (Monsoon),Bhadrapada,Krishna Paksha,"Dashami upto 02:07 AM, Oct 06",Somawara,Pushya upto 11:09 PM,Shiva upto 09:51 AM,"Vanija upto 02:58 PM; Vishti upto 02:07 AM, Oct 06",05:08 AM,https://www.drikpanchang.com/panchang/month-panchang.html?geoname-id=1269771&date=05/10/2026,https://www.drikpanchang.com/panchang/day-panchang.html?geoname-id=1269771&date=05/10/2026,2026-09-07T10:55:52-04:00,BACKFILL,,,,,0,
2026-10-05,geoname:1272552|city:dimapur,22,Dimapur,Nagaland,India,Asia/Kolkata,1272552,Dimapur,Parabhava,Dakshinayana,Varsha (Monsoon),Bhadrapada,Krishna Paksha,"Dashami upto 02:07 AM, Oct 06",Somawara,Pushya upto 11:09 PM,Shiva upto 09:51 AM,"Vanija upto 02:58 PM; Vishti upto 02:07 AM, Oct 06",05:09 AM,https://www.drikpanchang.com/panchang/month-panchang.html?geoname-id=1272552&date=05/10/2026,https://www.drikpanchang.com/panchang/day-panchang.html?geoname-id=1272552&date=05/10/2026,2026-09-07T10:55:52-04:00,BACKFILL,,,,,0,
2026-10-05,geoname:1269655|city:itanagar,23,Itanagar,Arunachal Pradesh,India,Asia/Kolkata,1269655,Itanagar,Parabhava,Dakshinayana,Varsha (Monsoon),Bhadrapada,Krishna Paksha,"Dashami upto 02:07 AM, Oct 06",Somawara,Pushya upto 11:09 PM,Shiva upto 09:51 AM,"Vanija upto 02:58 PM; Vishti upto 02:07 AM, Oct 06",05:10 AM,https://www.drikpanchang.com/panchang/month-panchang.html?geoname-id=1269655&date=05/10/2026,https://www.drikpanchang.com/panchang/day-panchang.html?geoname-id=1269655&date=05/10/2026,2026-09-07T10:55:52-04:00,BACKFILL,,,,,0,
2026-10-05,geoname:1264521|city:madurai,24,Madurai,Tamil Nadu,India,Asia/Kolkata,1264521,Madurai,Parabhava,Dakshinayana,Varsha (Monsoon),Bhadrapada,Krishna Paksha,"Dashami upto 02:07 AM, Oct 06",Somawara,Pushya upto 11:09 PM,Shiva upto 09:51 AM,"Vanija upto 02:58 PM; Vishti upto 02:07 AM, Oct 06",06:06 AM,https://www.drikpanchang.com/panchang/month-panchang.html?geoname-id=1264521&date=05/10/2026,https://www.drikpanchang.com/panchang/day-panchang.html?geoname-id=1264521&date=05/10/2026,2026-09-07T10:55:52-04:00,BACKFILL,,,,,0,
2026-10-05,geoname:1265683|city:kumbakonam,25,Kumbakonam,Tamil Nadu,India,Asia/Kolkata,1265683,Kumbakonam,Parabhava,Dakshinayana,Varsha (Monsoon),Bhadrapada,Krishna Paksha,"Dashami upto 02:07 AM, Oct 06",Somawara,Pushya upto 11:09 PM,Shiva upto 09:51 AM,"Vanija upto 02:58 PM; Vishti upto 02:07 AM, Oct 06",06:01 AM,https://www.drikpanchang.com/panchang/month-panchang.html?geoname-id=1265683&date=05/10/2026,https://www.drikpanchang.com/panchang/day-panchang.html?geoname-id=1265683&date=05/10/2026,2026-09-07T10:55:52-04:00,BACKFILL,,,,,0,
2026-10-05,geoname:1274256|city:chidambaram,26,Chidambaram,Tamil Nadu,India,Asia/Kolkata,1274256,Chidambaram,Parabhava,Dakshinayana,Varsha (Monsoon),Bhadrapada,Krishna Paksha,"Dashami upto 02:07 AM, Oct 06",Somawara,Pushya upto 11:09 PM,Shiva upto 09:51 AM,"Vanija upto 02:58 PM; Vishti upto 02:07 AM, Oct 06",06:00 AM,https://www.drikpanchang.com/panchang/month-panchang.html?geoname-id=1274256&date=05/10/2026,https://www.drikpanchang.com/panchang/day-panchang.html?geoname-id=1274256&date=05/10/2026,2026-09-07T10:55:52-04:00,BACKFILL,,,,,0,
2026-10-05,geoname:1268159|city:kanchipuram,27,Kanchipuram,Tamil Nadu,India,Asia/Kolkata,1268159,Kanchipuram,Parabhava,Dakshinayana,Varsha (Monsoon),Bhadrapada,Krishna Paksha,"Dashami upto 02:07 AM, Oct 06",Somawara,Pushya upto 11:09 PM,Shiva upto 09:51 AM,"Vanija upto 02:58 PM; Vishti upto 02:07 AM, Oct 06",06:01 AM,https://www.drikpanchang.com/panchang/month-panchang.html?geoname-id=1268159&date=05/10/2026,https://www.drikpanchang.com/panchang/day-panchang.html?geoname-id=1268159&date=05/10/2026,2026-09-07T10:55:52-04:00,BACKFILL,,,,,0,
2026-10-05,geoname:1254388|city:srirangam,28,Srirangam,Tamil Nadu,India,Asia/Kolkata,1254388,Tiruchirappalli,Parabhava,Dakshinayana,Varsha (Monsoon),Bhadrapada,Krishna Paksha,"Dashami upto 02:07 AM, Oct 06",Somawara,Pushya upto 11:09 PM,Shiva upto 09:51 AM,"Vanija upto 02:58 PM; Vishti upto 02:07 AM, Oct 06",06:04 AM,https://www.drikpanchang.com/panchang/month-panchang.html?geoname-id=1254388&date=05/10/2026,https://www.drikpanchang.com/panchang/day-panchang.html?geoname-id=1254388&date=05/10/2026,2026-09-07T10:55:52-04:00,BACKFILL,,,,,0,
2026-10-05,geoname:1270603|city:guruvayur,29,Guruvayur,Kerala,India,Asia/Kolkata,1270603,Guruvayur,Parabhava,Dakshinayana,Varsha (Monsoon),Bhadrapada,Krishna Paksha,"Dashami upto 02:07 AM, Oct 06",Somawara,Pushya upto 11:09 PM,Shiva upto 09:51 AM,"Vanija upto 02:58 PM; Vishti upto 02:07 AM, Oct 06",06:14 AM,https://www.drikpanchang.com/panchang/month-panchang.html?geoname-id=1270603&date=05/10/2026,https://www.drikpanchang.com/panchang/day-panchang.html?geoname-id=1270603&date=05/10/2026,2026-09-07T10:55:52-04:00,BACKFILL,,,,,0,
2026-10-05,geoname:1260546|city:pandharpur,30,Pandharpur,Maharashtra,India,Asia/Kolkata,1260546,Pandharpur,Parabhava,Dakshinayana,Varsha (Monsoon),Bhadrapada,Krishna Paksha,"Dashami upto 02:07 AM, Oct 06",Somawara,Pushya upto 11:09 PM,Shiva upto 09:51 AM,"Vanija upto 02:58 PM; Vishti upto 02:07 AM, Oct 06",06:20 AM,https://www.drikpanchang.com/panchang/month-panchang.html?geoname-id=1260546&date=05/10/2026,https://www.drikpanchang.com/panchang/day-panchang.html?geoname-id=1260546&date=05/10/2026,2026-09-07T10:55:52-04:00,BACKFILL,,,,,0,
2026-10-05,geoname:1266285|city:kolhapur,31,Kolhapur,Maharashtra,India,Asia/Kolkata,1266285,Kolhapur,Parabhava,Dakshinayana,Varsha (Monsoon),Bhadrapada,Krishna Paksha,"Dashami upto 02:07 AM, Oct 06",Somawara,Pushya upto 11:09 PM,Shiva upto 09:51 AM,"Vanija upto 02:58 PM; Vishti upto 02:07 AM, Oct 06",06:24 AM,https://www.drikpanchang.com/panchang/month-panchang.html?geoname-id=1266285&date=05/10/2026,https://www.drikpanchang.com/panchang/day-panchang.html?geoname-id=1266285&date=05/10/2026,2026-09-07T10:55:52-04:00,BACKFILL,,,,,0,
2026-10-05,geoname:1262180|city:nagpur,32,Nagpur,Maharashtra,India,Asia/Kolkata,1262180,Nagpur,Parabhava,Dakshinayana,Varsha (Monsoon),Bhadrapada,Krishna Paksha,"Dashami upto 02:07 AM, Oct 06",Somawara,Pushya upto 11:09 PM,Shiva upto 09:51 AM,"Vanija upto 02:58 PM; Vishti upto 02:07 AM, Oct 06",06:06 AM,https://www.drikpanchang.com/panchang/month-panchang.html?geoname-id=1262180&date=05/10/2026,https://www.drikpanchang.com/panchang/day-panchang.html?geoname-id=1262180&date=05/10/2026,2026-09-07T10:55:52-04:00,BACKFILL,,,,,0,
2026-10-05,geoname:1253102|city:visakhapatnam,33,Visakhapatnam,Andra Pradesh,India,Asia/Kolkata,1253102,Visakhapatnam,Parabhava,Dakshinayana,Varsha (Monsoon),Bhadrapada,Krishna Paksha,"Dashami upto 02:07 AM, Oct 06",Somawara,Pushya upto 11:09 PM,Shiva upto 09:51 AM,"Vanija upto 02:58 PM; Vishti upto 02:07 AM, Oct 06",05:48 AM,https://www.drikpanchang.com/panchang/month-panchang.html?geoname-id=1253102&date=05/10/2026,https://www.drikpanchang.com/panchang/day-panchang.html?geoname-id=1253102&date=05/10/2026,2026-09-07T10:55:52-04:00,BACKFILL,,,,,0,
2026-10-05,geoname:292223|city:dubai,34,Dubai,Dubai,United Arab Emirates,Asia/Dubai,292223,Dubai,Parabhava,Dakshinayana,Varsha (Monsoon),Bhadrapada,Krishna Paksha,"Dashami upto 12:37 AM, Oct 06",Somawara,Pushya upto 09:39 PM,"Shiva upto 08:21 AM; Siddha upto 05:50 AM, Oct 06","Vanija upto 01:28 PM; Vishti upto 12:37 AM, Oct 06",06:13 AM,https://www.drikpanchang.com/panchang/month-panchang.html?geoname-id=292223&date=05/10/2026,https://www.drikpanchang.com/panchang/day-panchang.html?geoname-id=292223&date=05/10/2026,2026-09-07T10:55:52-04:00,BACKFILL,,,,,0,
2026-10-05,geoname:290030|city:doha,35,Doha,Baladīyat ad Dawḩah,Qatar,Asia/Qatar,290030,Doha,Parabhava,Dakshinayana,Varsha (Monsoon),Bhadrapada,Krishna Paksha,Dashami upto 11:37 PM,Somawara,Pushya upto 08:39 PM,"Shiva upto 07:21 AM; Siddha upto 04:50 AM, Oct 06",Vanija upto 12:28 PM; Vishti upto 11:37 PM,05:28 AM,https://www.drikpanchang.com/panchang/month-panchang.html?geoname-id=290030&date=05/10/2026,https://www.drikpanchang.com/panchang/day-panchang.html?geoname-id=290030&date=05/10/2026,2026-09-07T10:55:52-04:00,BACKFILL,,,,,0,
2026-10-05,geoname:2657896|city:zurich,36,Zurich,Zurich,Switzerland,Europe/Zurich,2657896,Zurich,Parabhava,Dakshinayana,Varsha (Monsoon),Bhadrapada,Krishna Paksha,Dashami upto 10:37 PM,Somawara,Pushya upto 07:39 PM,"Siddha upto 03:50 AM, Oct 06",Vanija upto 11:28 AM; Vishti upto 10:37 PM,07:30 AM,https://www.drikpanchang.com/panchang/month-panchang.html?geoname-id=2657896&date=05/10/2026,https://www.drikpanchang.com/panchang/day-panchang.html?geoname-id=2657896&date=05/10/2026,2026-09-07T10:55:52-04:00,BACKFILL,,,,,0,
2026-10-05,geoname:2928751|city:esslingen,37,Esslingen,Esslingen,Germany,Europe/Berlin,2928751,Esslingen,Parabhava,Dakshinayana,Varsha (Monsoon),Bhadrapada,Krishna Paksha,Dashami upto 10:37 PM,Somawara,Pushya upto 07:39 PM,"Siddha upto 03:50 AM, Oct 06",Vanija upto 11:28 AM; Vishti upto 10:37 PM,07:28 AM,https://www.drikpanchang.com/panchang/month-panchang.html?geoname-id=2928751&date=05/10/2026,https://www.drikpanchang.com/panchang/day-panchang.html?geoname-id=2928751&date=05/10/2026,2026-09-07T10:55:52-04:00,BACKFILL,,,,,0,
2026-10-05,geoname:1278094|city:ayodhya,38,Ayodhya,Uttar Pradesh,India,Asia/Kolkata,1278094,Ajodhya,Parabhava,Dakshinayana,Varsha (Monsoon),Bhadrapada,Krishna Paksha,"Dashami upto 02:07 AM, Oct 06",Somawara,Pushya upto 11:09 PM,Shiva upto 09:51 AM,"Vanija upto 02:58 PM; Vishti upto 02:07 AM, Oct 06",05:55 AM,https://www.drikpanchang.com/panchang/month-panchang.html?geoname-id=1278094&date=05/10/2026,https://www.drikpanchang.com/panchang/day-panchang.html?geoname-id=1278094&date=05/10/2026,2026-09-07T10:55:52-04:00,BACKFILL,,,,,0,
2026-10-05,geoname:5131614|city:pittsford,39,Pittsford,New York,United States,America/New_York,5131614,Pittsford,Parabhava,Dakshinayana,Varsha (Monsoon),Bhadrapada,Krishna Paksha,Dashami upto 04:37 PM,Somawara,Pushya upto 01:39 PM,Siddha upto 09:50 PM,"Vishti upto 04:37 PM; Bava upto 03:49 AM, Oct 06",07:12 AM,https://www.drikpanchang.com/panchang/month-panchang.html?geoname-id=5131614&date=05/10/2026,https://www.drikpanchang.com/panchang/day-panchang.html?geoname-id=5131614&date=05/10/2026,2026-09-07T10:55:52-04:00,BACKFILL,,,,,0,
2026-10-05,geoname:5119251|city:greece,40,Greece,New York,United States,America/New_York,5119251,Greece,Parabhava,Dakshinayana,Varsha (Monsoon),Bhadrapada,Krishna Paksha,Dashami upto 04:37 PM,Somawara,Pushya upto 01:39 PM,Siddha upto 09:50 PM,"Vishti upto 04:37 PM; Bava upto 03:49 AM, Oct 06",07:13 AM,https://www.drikpanchang.com/panchang/month-panchang.html?geoname-id=5119251&date=05/10/2026,https://www.drikpanchang.com/panchang/day-panchang.html?geoname-id=5119251&date=05/10/2026,2026-09-07T10:55:52-04:00,BACKFILL,,,,,0,
2026-10-05,geoname:5140405|city:syracuse,41,Syracuse,New York,United States,America/New_York,5140405,Syracuse,Parabhava,Dakshinayana,Varsha (Monsoon),Bhadrapada,Krishna Paksha,Dashami upto 04:37 PM,Somawara,Pushya upto 01:39 PM,Siddha upto 09:50 PM,"Vishti upto 04:37 PM; Bava upto 03:49 AM, Oct 06",07:07 AM,https://www.drikpanchang.com/panchang/month-panchang.html?geoname-id=5140405&date=05/10/2026,https://www.drikpanchang.com/panchang/day-panchang.html?geoname-id=5140405&date=05/10/2026,2026-09-07T10:55:52-04:00,BACKFILL,,,,,0,
2026-10-05,geoname:4256038|city:columbus,42,Columbus,Indiana,United States,America/Indiana/Indianapolis,4256038,Columbus,Parabhava,Dakshinayana,Varsha (Monsoon),Bhadrapada,Krishna Paksha,Dashami upto 04:37 PM,Somawara,Pushya upto 01:39 PM,Siddha upto 09:50 PM,"Vishti upto 04:37 PM; Bava upto 03:49 AM, Oct 06",07:44 AM,https://www.drikpanchang.com/panchang/month-panchang.html?geoname-id=4256038&date=05/10/2026,https://www.drikpanchang.com/panchang/day-panchang.html?geoname-id=4256038&date=05/10/2026,2026-09-07T10:55:52-04:00,BACKFILL,,,,,0,
2026-10-05,geoname:4487042|city:raleigh,43,Raleigh,North Carolina,United States,America/New_York,4487042,Raleigh,Parabhava,Dakshinayana,Varsha (Monsoon),Bhadrapada,Krishna Paksha,Dashami upto 04:37 PM,Somawara,Pushya upto 01:39 PM,Siddha upto 09:50 PM,"Vishti upto 04:37 PM; Bava upto 03:49 AM, Oct 06",07:13 AM,https://www.drikpanchang.com/panchang/month-panchang.html?geoname-id=4487042&date=05/10/2026,https://www.drikpanchang.com/panchang/day-panchang.html?geoname-id=4487042&date=05/10/2026,2026-09-07T10:55:52-04:00,BACKFILL,,,,,0,
2026-10-05,geoname:4460243|city:charlotte,44,Charlotte,North Carolina,United States,America/New_York,4460243,Charlotte,Parabhava,Dakshinayana,Varsha (Monsoon),Bhadrapada,Krishna Paksha,Dashami upto 04:37 PM,Somawara,Pushya upto 01:39 PM,Siddha upto 09:50 PM,"Vishti upto 04:37 PM; Bava upto 03:49 AM, Oct 06",07:21 AM,https://www.drikpanchang.com/panchang/month-panchang.html?geoname-id=4460243&date=05/10/2026,https://www.drikpanchang.com/panchang/day-panchang.html?geoname-id=4460243&date=05/10/2026,2026-09-07T10:55:52-04:00,BACKFILL,,,,,0,
2026-10-05,geoname:1277333|city:bengaluru,45,Bengaluru,Karnataka,India,Asia/Kolkata,1277333,Bengaluru,Parabhava,Dakshinayana,Varsha (Monsoon),Bhadrapada,Krishna Paksha,"Dashami upto 02:07 AM, Oct 06",Somawara,Pushya upto 11:09 PM,Shiva upto 09:51 AM,"Vanija upto 02:58 PM; Vishti upto 02:07 AM, Oct 06",06:09 AM,https://www.drikpanchang.com/panchang/month-panchang.html?geoname-id=1277333&date=05/10/2026,https://www.drikpanchang.com/panchang/day-panchang.html?geoname-id=1277333&date=05/10/2026,2026-09-07T10:55:52-04:00,BACKFILL,,,,,0,
2026-10-05,geoname:1262321|city:mysuru,46,Mysuru,Karnataka,India,Asia/Kolkata,1262321,Mysuru,Parabhava,Dakshinayana,Varsha (Monsoon),Bhadrapada,Krishna Paksha,"Dashami upto 02:07 AM, Oct 06",Somawara,Pushya upto 11:09 PM,Shiva upto 09:51 AM,"Vanija upto 02:58 PM; Vishti upto 02:07 AM, Oct 06",06:13 AM,https://www.drikpanchang.com/panchang/month-panchang.html?geoname-id=1262321&date=05/10/2026,https://www.drikpanchang.com/panchang/day-panchang.html?geoname-id=1262321&date=05/10/2026,2026-09-07T10:55:52-04:00,BACKFILL,,,,,0,
2026-10-05,geoname:1262321|city:t_narasipura,47,T Narasipura,Karnataka,India,Asia/Kolkata,1262321,Mysuru,Parabhava,Dakshinayana,Varsha (Monsoon),Bhadrapada,Krishna Paksha,"Dashami upto 02:07 AM, Oct 06",Somawara,Pushya upto 11:09 PM,Shiva upto 09:51 AM,"Vanija upto 02:58 PM; Vishti upto 02:07 AM, Oct 06",06:13 AM,https://www.drikpanchang.com/panchang/month-panchang.html?geoname-id=1262321&date=05/10/2026,https://www.drikpanchang.com/panchang/day-panchang.html?geoname-id=1262321&date=05/10/2026,2026-09-07T10:55:52-04:00,BACKFILL,,,,,0,
2026-10-05,geoname:1263780|city:mangalore,48,Mangalore,Karnataka,India,Asia/Kolkata,1263780,Mangalore,Parabhava,Dakshinayana,Varsha (Monsoon),Bhadrapada,Krishna Paksha,"Dashami upto 02:07 AM, Oct 06",Somawara,Pushya upto 11:09 PM,Shiva upto 09:51 AM,"Vanija upto 02:58 PM; Vishti upto 02:07 AM, Oct 06",06:20 AM,https://www.drikpanchang.com/panchang/month-panchang.html?geoname-id=1263780&date=05/10/2026,https://www.drikpanchang.com/panchang/day-panchang.html?geoname-id=1263780&date=05/10/2026,2026-09-07T10:55:52-04:00,BACKFILL,,,,,0,
2026-10-05,geoname:1253952|city:udupi,49,Udupi,Karnataka,India,Asia/Kolkata,1253952,Udipi,Parabhava,Dakshinayana,Varsha (Monsoon),Bhadrapada,Krishna Paksha,"Dashami upto 02:07 AM, Oct 06",Somawara,Pushya upto 11:09 PM,Shiva upto 09:51 AM,"Vanija upto 02:58 PM; Vishti upto 02:07 AM, Oct 06",06:21 AM,https://www.drikpanchang.com/panchang/month-panchang.html?geoname-id=1253952&date=05/10/2026,https://www.drikpanchang.com/panchang/day-panchang.html?geoname-id=1253952&date=05/10/2026,2026-09-07T10:55:52-04:00,BACKFILL,,,,,0,
2026-10-05,geoname:1255364|city:surat,50,Surat,Gujarat,India,Asia/Kolkata,1255364,Surat,Parabhava,Dakshinayana,Varsha (Monsoon),Bhadrapada,Krishna Paksha,"Dashami upto 02:07 AM, Oct 06",Somawara,Pushya upto 11:09 PM,Shiva upto 09:51 AM,"Vanija upto 02:58 PM; Vishti upto 02:07 AM, Oct 06",06:31 AM,https://www.drikpanchang.com/panchang/month-panchang.html?geoname-id=1255364&date=05/10/2026,https://www.drikpanchang.com/panchang/day-panchang.html?geoname-id=1255364&date=05/10/2026,2026-09-07T10:55:52-04:00,BACKFILL,,,,,0,
2026-10-05,geoname:1259229|city:pune,51,Pune,Maharashtra,India,Asia/Kolkata,1259229,Pune,Parabhava,Dakshinayana,Varsha (Monsoon),Bhadrapada,Krishna Paksha,"Dashami upto 02:07 AM, Oct 06",Somawara,Pushya upto 11:09 PM,Shiva upto 09:51 AM,"Vanija upto 02:58 PM; Vishti upto 02:07 AM, Oct 06",06:26 AM,https://www.drikpanchang.com/panchang/month-panchang.html?geoname-id=1259229&date=05/10/2026,https://www.drikpanchang.com/panchang/day-panchang.html?geoname-id=1259229&date=05/10/2026,2026-09-07T10:55:52-04:00,BACKFILL,,,,,0,
2026-10-05,geoname:1253573|city:vadodara,52,Vadodara,Gujarat,India,Asia/Kolkata,1253573,Baroda,Parabhava,Dakshinayana,Varsha (Monsoon),Bhadrapada,Krishna Paksha,"Dashami upto 02:07 AM, Oct 06",Somawara,Pushya upto 11:09 PM,Shiva upto 09:51 AM,"Vanija upto 02:58 PM; Vishti upto 02:07 AM, Oct 06",06:30 AM,https://www.drikpanchang.com/panchang/month-panchang.html?geoname-id=1253573&date=05/10/2026,https://www.drikpanchang.com/panchang/day-panchang.html?geoname-id=1253573&date=05/10/2026,2026-09-07T10:55:52-04:00,BACKFILL,,,,,0,
2026-10-05,geoname:1269843|city:hyderabad,53,Hyderabad,Telangana,India,Asia/Kolkata,1269843,Hyderabad,Parabhava,Dakshinayana,Varsha (Monsoon),Bhadrapada,Krishna Paksha,"Dashami upto 02:07 AM, Oct 06",Somawara,Pushya upto 11:09 PM,Shiva upto 09:51 AM,"Vanija upto 02:58 PM; Vishti upto 02:07 AM, Oct 06",06:07 AM,https://www.drikpanchang.com/panchang/month-panchang.html?geoname-id=1269843&date=05/10/2026,https://www.drikpanchang.com/panchang/day-panchang.html?geoname-id=1269843&date=05/10/2026,2026-09-07T10:55:52-04:00,BACKFILL,,,,,0,
2026-10-05,geoname:5134086|city:rochester,54,Rochester,New York,United States,America/New_York,5134086,Rochester,Parabhava,Dakshinayana,Varsha (Monsoon),Bhadrapada,Krishna Paksha,Dashami upto 04:37 PM,Somawara,Pushya upto 01:39 PM,Siddha upto 09:50 PM,"Vishti upto 04:37 PM; Bava upto 03:49 AM, Oct 06",07:13 AM,https://www.drikpanchang.com/panchang/month-panchang.html?geoname-id=5134086&date=05/10/2026,https://www.drikpanchang.com/panchang/day-panchang.html?geoname-id=5134086&date=05/10/2026,2026-09-07T10:55:52-04:00,BACKFILL,,,,,0,
2026-10-05,geoname:5139865|city:stonybrook,55,Stonybrook,New York,United States,America/New_York,5139865,Stonybrook,Parabhava,Dakshinayana,Varsha (Monsoon),Bhadrapada,Krishna Paksha,Dashami upto 04:37 PM,Somawara,Pushya upto 01:39 PM,Siddha upto 09:50 PM,"Vishti upto 04:37 PM; Bava upto 03:49 AM, Oct 06",06:53 AM,https://www.drikpanchang.com/panchang/month-panchang.html?geoname-id=5139865&date=05/10/2026,https://www.drikpanchang.com/panchang/day-panchang.html?geoname-id=5139865&date=05/10/2026,2026-09-07T10:55:52-04:00,BACKFILL,,,,,0,
2026-10-05,geoname:4922462|city:lafayette,56,Lafayette,Indiana,United States,America/Indiana/Indianapolis,4922462,Lafayette,Parabhava,Dakshinayana,Varsha (Monsoon),Bhadrapada,Krishna Paksha,Dashami upto 04:37 PM,Somawara,Pushya upto 01:39 PM,Siddha upto 09:50 PM,"Vishti upto 04:37 PM; Bava upto 03:49 AM, Oct 06",07:48 AM,https://www.drikpanchang.com/panchang/month-panchang.html?geoname-id=4922462&date=05/10/2026,https://www.drikpanchang.com/panchang/day-panchang.html?geoname-id=4922462&date=05/10/2026,2026-09-07T10:55:52-04:00,BACKFILL,,,,,0,
2026-10-05,geoname:4887398|city:chicago,57,Chicago,Illinois,United States,America/Chicago,4887398,Chicago,Parabhava,Dakshinayana,Varsha (Monsoon),Bhadrapada,Krishna Paksha,Dashami upto 03:37 PM,Somawara,Pushya upto 12:39 PM,Siddha upto 08:50 PM,"Vishti upto 03:37 PM; Bava upto 02:49 AM, Oct 06",06:52 AM,https://www.drikpanchang.com/panchang/month-panchang.html?geoname-id=4887398&date=05/10/2026,https://www.drikpanchang.com/panchang/day-panchang.html?geoname-id=4887398&date=05/10/2026,2026-09-07T10:55:52-04:00,BACKFILL,,,,,0,
2026-10-05,geoname:4684888|city:dallas,58,Dallas,Texas,United States,America/Chicago,4684888,Dallas,Parabhava,Dakshinayana,Varsha (Monsoon),Bhadrapada,Krishna Paksha,Dashami upto 03:37 PM,Somawara,Pushya upto 12:39 PM,Siddha upto 08:50 PM,"Vishti upto 03:37 PM; Bava upto 02:49 AM, Oct 06",07:24 AM,https://www.drikpanchang.com/panchang/month-panchang.html?geoname-id=4684888&date=05/10/2026,https://www.drikpanchang.com/panchang/day-panchang.html?geoname-id=4684888&date=05/10/2026,2026-09-07T10:55:52-04:00,BACKFILL,,,,,0,
2026-10-05,geoname:4699066|city:houston,59,Houston,Texas,United States,America/Chicago,4699066,Houston,Parabhava,Dakshinayana,Varsha (Monsoon),Bhadrapada,Krishna Paksha,Dashami upto 03:37 PM,Somawara,Pushya upto 12:39 PM,Siddha upto 08:50 PM,"Vishti upto 03:37 PM; Bava upto 02:49 AM, Oct 06",07:17 AM,https://www.drikpanchang.com/panchang/month-panchang.html?geoname-id=4699066&date=05/10/2026,https://www.drikpanchang.com/panchang/day-panchang.html?geoname-id=4699066&date=05/10/2026,2026-09-07T10:55:52-04:00,BACKFILL,,,,,0,
2026-10-05,geoname:5308655|city:phoenix,60,Phoenix,Arizona,United States,America/Phoenix,5308655,Phoenix,Parabhava,Dakshinayana,Varsha (Monsoon),Bhadrapada,Krishna Paksha,Dashami upto 01:37 PM,Somawara,Pushya upto 10:39 AM,Siddha upto 06:50 PM,"Vishti upto 01:37 PM; Bava upto 12:49 AM, Oct 06",06:26 AM,https://www.drikpanchang.com/panchang/month-panchang.html?geoname-id=5308655&date=05/10/2026,https://www.drikpanchang.com/panchang/day-panchang.html?geoname-id=5308655&date=05/10/2026,2026-09-07T10:55:52-04:00,BACKFILL,,,,,0,
2026-10-05,geoname:5391959|city:san_francisco,61,San Francisco,California,United States,America/Los_Angeles,5391959,San Francisco,Parabhava,Dakshinayana,Varsha (Monsoon),Bhadrapada,Krishna Paksha,Dashami upto 01:37 PM,Somawara,Pushya upto 10:39 AM,Siddha upto 06:50 PM,"Vishti upto 01:37 PM; Bava upto 12:49 AM, Oct 06",07:09 AM,https://www.drikpanchang.com/panchang/month-panchang.html?geoname-id=5391959&date=05/10/2026,https://www.drikpanchang.com/panchang/day-panchang.html?geoname-id=5391959&date=05/10/2026,2026-09-07T10:55:52-04:00,BACKFILL,,,,,0,
2026-10-05,geoname:5368361|city:los_angeles,62,Los Angeles,California,United States,America/Los_Angeles,5368361,Los Angeles,Parabhava,Dakshinayana,Varsha (Monsoon),Bhadrapada,Krishna Paksha,Dashami upto 01:37 PM,Somawara,Pushya upto 10:39 AM,Siddha upto 06:50 PM,"Vishti upto 01:37 PM; Bava upto 12:49 AM, Oct 06",06:51 AM,https://www.drikpanchang.com/panchang/month-panchang.html?geoname-id=5368361&date=05/10/2026,https://www.drikpanchang.com/panchang/day-panchang.html?geoname-id=5368361&date=05/10/2026,2026-09-07T10:55:52-04:00,BACKFILL,,,,,0,
2026-10-05,geoname:5809844|city:seattle,63,Seattle,Washington,United States,America/Los_Angeles,5809844,Seattle,Parabhava,Dakshinayana,Varsha (Monsoon),Bhadrapada,Krishna Paksha,Dashami upto 01:37 PM,Somawara,Pushya upto 10:39 AM,Siddha upto 06:50 PM,"Vishti upto 01:37 PM; Bava upto 12:49 AM, Oct 06",07:14 AM,https://www.drikpanchang.com/panchang/month-panchang.html?geoname-id=5809844&date=05/10/2026,https://www.drikpanchang.com/panchang/day-panchang.html?geoname-id=5809844&date=05/10/2026,2026-09-07T10:55:52-04:00,BACKFILL,,,,,0,
2026-10-05,geoname:4174757|city:tampa,64,Tampa,Florida,United States,America/New_York,4174757,Tampa,Parabhava,Dakshinayana,Varsha (Monsoon),Bhadrapada,Krishna Paksha,Dashami upto 04:37 PM,Somawara,Pushya upto 01:39 PM,Siddha upto 09:50 PM,"Vishti upto 04:37 PM; Bava upto 03:49 AM, Oct 06",07:25 AM,https://www.drikpanchang.com/panchang/month-panchang.html?geoname-id=4174757&date=05/10/2026,https://www.drikpanchang.com/panchang/day-panchang.html?geoname-id=4174757&date=05/10/2026,2026-09-07T10:55:52-04:00,BACKFILL,,,,,0,
2026-10-05,geoname:4167147|city:orlando,65,Orlando,Florida,United States,America/New_York,4167147,Orlando,Parabhava,Dakshinayana,Varsha (Monsoon),Bhadrapada,Krishna Paksha,Dashami upto 04:37 PM,Somawara,Pushya upto 01:39 PM,Siddha upto 09:50 PM,"Vishti upto 04:37 PM; Bava upto 03:49 AM, Oct 06",07:21 AM,https://www.drikpanchang.com/panchang/month-panchang.html?geoname-id=4167147&date=05/10/2026,https://www.drikpanchang.com/panchang/day-panchang.html?geoname-id=4167147&date=05/10/2026,2026-09-07T10:55:52-04:00,BACKFILL,,,,,0,
2026-10-05,geoname:4781708|city:richmond,66,Richmond,Virginia,United States,America/New_York,4781708,Richmond,Parabhava,Dakshinayana,Varsha (Monsoon),Bhadrapada,Krishna Paksha,Dashami upto 04:37 PM,Somawara,Pushya upto 01:39 PM,Siddha upto 09:50 PM,"Vishti upto 04:37 PM; Bava upto 03:49 AM, Oct 06",07:09 AM,https://www.drikpanchang.com/panchang/month-panchang.html?geoname-id=4781708&date=05/10/2026,https://www.drikpanchang.com/panchang/day-panchang.html?geoname-id=4781708&date=05/10/2026,2026-09-07T10:55:52-04:00,BACKFILL,,,,,0,
2026-10-05,geoname:4347778|city:baltimore,67,Baltimore,Maryland,United States,America/New_York,4347778,Baltimore,Parabhava,Dakshinayana,Varsha (Monsoon),Bhadrapada,Krishna Paksha,Dashami upto 04:37 PM,Somawara,Pushya upto 01:39 PM,Siddha upto 09:50 PM,"Vishti upto 04:37 PM; Bava upto 03:49 AM, Oct 06",07:06 AM,https://www.drikpanchang.com/panchang/month-panchang.html?geoname-id=4347778&date=05/10/2026,https://www.drikpanchang.com/panchang/day-panchang.html?geoname-id=4347778&date=05/10/2026,2026-09-07T10:55:52-04:00,BACKFILL,,,,,0,
2026-10-05,geoname:4560349|city:philadelphia,68,Philadelphia,Pennsylvania,United States,America/New_York,4560349,Philadelphia,Parabhava,Dakshinayana,Varsha (Monsoon),Bhadrapada,Krishna Paksha,Dashami upto 04:37 PM,Somawara,Pushya upto 01:39 PM,Siddha upto 09:50 PM,"Vishti upto 04:37 PM; Bava upto 03:49 AM, Oct 06",07:01 AM,https://www.drikpanchang.com/panchang/month-panchang.html?geoname-id=4560349&date=05/10/2026,https://www.drikpanchang.com/panchang/day-panchang.html?geoname-id=4560349&date=05/10/2026,2026-09-07T10:55:52-04:00,BACKFILL,,,,,0,
2026-10-05,geoname:5128581|city:new_york,69,New York,New York,United States,America/New_York,5128581,New York City,Parabhava,Dakshinayana,Varsha (Monsoon),Bhadrapada,Krishna Paksha,Dashami upto 04:37 PM,Somawara,Pushya upto 01:39 PM,Siddha upto 09:50 PM,"Vishti upto 04:37 PM; Bava upto 03:49 AM, Oct 06",06:57 AM,https://www.drikpanchang.com/panchang/month-panchang.html?geoname-id=5128581&date=05/10/2026,https://www.drikpanchang.com/panchang/day-panchang.html?geoname-id=5128581&date=05/10/2026,2026-09-07T10:55:52-04:00,BACKFILL,,,,,0,
2026-10-05,geoname:5099836|city:new_jersey,70,New Jersey,New Jersey,United States,America/New_York,5099836,New Jersey,Parabhava,Dakshinayana,Varsha (Monsoon),Bhadrapada,Krishna Paksha,Dashami upto 04:37 PM,Somawara,Pushya upto 01:39 PM,Siddha upto 09:50 PM,"Vishti upto 04:37 PM; Bava upto 03:49 AM, Oct 06",06:57 AM,https://www.drikpanchang.com/panchang/month-panchang.html?geoname-id=5099836&date=05/10/2026,https://www.drikpanchang.com/panchang/day-panchang.html?geoname-id=5099836&date=05/10/2026,2026-09-07T10:55:52-04:00,BACKFILL,,,,,0,
2026-10-05,geoname:5110629|city:buffalo,71,Buffalo,New York,United States,America/New_York,5110629,Buffalo,Parabhava,Dakshinayana,Varsha (Monsoon),Bhadrapada,Krishna Paksha,Dashami upto 04:37 PM,Somawara,Pushya upto 01:39 PM,Siddha upto 09:50 PM,"Vishti upto 04:37 PM; Bava upto 03:49 AM, Oct 06",07:17 AM,https://www.drikpanchang.com/panchang/month-panchang.html?geoname-id=5110629&date=05/10/2026,https://www.drikpanchang.com/panchang/day-panchang.html?geoname-id=5110629&date=05/10/2026,2026-09-07T10:55:52-04:00,BACKFILL,,,,,0,
2026-10-05,geoname:5150529|city:cleveland,72,Cleveland,Ohio,United States,America/New_York,5150529,Cleveland,Parabhava,Dakshinayana,Varsha (Monsoon),Bhadrapada,Krishna Paksha,Dashami upto 04:37 PM,Somawara,Pushya upto 01:39 PM,Siddha upto 09:50 PM,"Vishti upto 04:37 PM; Bava upto 03:49 AM, Oct 06",07:28 AM,https://www.drikpanchang.com/panchang/month-panchang.html?geoname-id=5150529&date=05/10/2026,https://www.drikpanchang.com/panchang/day-panchang.html?geoname-id=5150529&date=05/10/2026,2026-09-07T10:55:52-04:00,BACKFILL,,,,,0,
2026-10-05,geoname:4509177|city:columbus,73,Columbus,Ohio,United States,America/New_York,4509177,Columbus,Parabhava,Dakshinayana,Varsha (Monsoon),Bhadrapada,Krishna Paksha,Dashami upto 04:37 PM,Somawara,Pushya upto 01:39 PM,Siddha upto 09:50 PM,"Vishti upto 04:37 PM; Bava upto 03:49 AM, Oct 06",07:32 AM,https://www.drikpanchang.com/panchang/month-panchang.html?geoname-id=4509177&date=05/10/2026,https://www.drikpanchang.com/panchang/day-panchang.html?geoname-id=4509177&date=05/10/2026,2026-09-07T10:55:52-04:00,BACKFILL,,,,,0,
2026-10-05,geoname:4508722|city:cincinnati,74,Cincinnati,Ohio,United States,America/New_York,4508722,Cincinnati,Parabhava,Dakshinayana,Varsha (Monsoon),Bhadrapada,Krishna Paksha,Dashami upto 04:37 PM,Somawara,Pushya upto 01:39 PM,Siddha upto 09:50 PM,"Vishti upto 04:37 PM; Bava upto 03:49 AM, Oct 06",07:38 AM,https://www.drikpanchang.com/panchang/month-panchang.html?geoname-id=4508722&date=05/10/2026,https://www.drikpanchang.com/panchang/day-panchang.html?geoname-id=4508722&date=05/10/2026,2026-09-07T10:55:52-04:00,BACKFILL,,,,,0,
2026-10-05,geoname:4634946|city:knoxville,75,Knoxville,Tennessee,United States,America/New_York,4634946,Knoxville,Parabhava,Dakshinayana,Varsha (Monsoon),Bhadrapada,Krishna Paksha,Dashami upto 04:37 PM,Somawara,Pushya upto 01:39 PM,Siddha upto 09:50 PM,"Vishti upto 04:37 PM; Bava upto 03:49 AM, Oct 06",07:34 AM,https://www.drikpanchang.com/panchang/month-panchang.html?geoname-id=4634946&date=05/10/2026,https://www.drikpanchang.com/panchang/day-panchang.html?geoname-id=4634946&date=05/10/2026,2026-09-07T10:55:52-04:00,BACKFILL,,,,,0,
2026-10-05,geoname:4644585|city:nashville,76,Nashville,Tennessee,United States,America/Chicago,4644585,Nashville,Parabhava,Dakshinayana,Varsha (Monsoon),Bhadrapada,Krishna Paksha,Dashami upto 03:37 PM,Somawara,Pushya upto 12:39 PM,Siddha upto 08:50 PM,"Vishti upto 03:37 PM; Bava upto 02:49 AM, Oct 06",06:46 AM,https://www.drikpanchang.com/panchang/month-panchang.html?geoname-id=4644585&date=05/10/2026,https://www.drikpanchang.com/panchang/day-panchang.html?geoname-id=4644585&date=05/10/2026,2026-09-07T10:55:52-04:00,BACKFILL,,,,,0,
2026-10-05,geoname:5383527|city:placentia,77,Placentia,California,United States,America/Los_Angeles,5383527,Placentia,Parabhava,Dakshinayana,Varsha (Monsoon),Bhadrapada,Krishna Paksha,Dashami upto 01:37 PM,Somawara,Pushya upto 10:39 AM,Siddha upto 06:50 PM,"Vishti upto 01:37 PM; Bava upto 12:49 AM, Oct 06",06:49 AM,https://www.drikpanchang.com/panchang/month-panchang.html?geoname-id=5383527&date=05/10/2026,https://www.drikpanchang.com/panchang/day-panchang.html?geoname-id=5383527&date=05/10/2026,2026-09-07T10:55:52-04:00,BACKFILL,,,,,0,
2026-10-05,geoname:4180439|city:atlanta,78,Atlanta,Georgia,United States,America/New_York,4180439,Atlanta,Parabhava,Dakshinayana,Varsha (Monsoon),Bhadrapada,Krishna Paksha,Dashami upto 04:37 PM,Somawara,Pushya upto 01:39 PM,Siddha upto 09:50 PM,"Vishti upto 04:37 PM; Bava upto 03:49 AM, Oct 06",07:35 AM,https://www.drikpanchang.com/panchang/month-panchang.html?geoname-id=4180439&date=05/10/2026,https://www.drikpanchang.com/panchang/day-panchang.html?geoname-id=4180439&date=05/10/2026,2026-09-07T10:55:52-04:00,BACKFILL,,,,,0,
2026-10-05,geoname:1264527|city:chennai,79,Chennai,Tamil Nadu,India,Asia/Kolkata,1264527,Chennai,Parabhava,Dakshinayana,Varsha (Monsoon),Bhadrapada,Krishna Paksha,"Dashami upto 02:07 AM, Oct 06",Somawara,Pushya upto 11:09 PM,Shiva upto 09:51 AM,"Vanija upto 02:58 PM; Vishti upto 02:07 AM, Oct 06",05:58 AM,https://www.drikpanchang.com/panchang/month-panchang.html?geoname-id=1264527&date=05/10/2026,https://www.drikpanchang.com/panchang/day-panchang.html?geoname-id=1264527&date=05/10/2026,2026-09-07T10:55:52-04:00,BACKFILL,,,,,0,
2026-10-05,geoname:1254163|city:thiruvananthapuram,80,Thiruvananthapuram,Kerala,India,Asia/Kolkata,1254163,Thiruvananthapuram,Parabhava,Dakshinayana,Varsha (Monsoon),Bhadrapada,Krishna Paksha,"Dashami upto 02:07 AM, Oct 06",Somawara,Pushya upto 11:09 PM,Shiva upto 09:51 AM,"Vanija upto 02:58 PM; Vishti upto 02:07 AM, Oct 06",06:10 AM,https://www.drikpanchang.com/panchang/month-panchang.html?geoname-id=1254163&date=05/10/2026,https://www.drikpanchang.com/panchang/day-panchang.html?geoname-id=1254163&date=05/10/2026,2026-09-07T10:55:52-04:00,BACKFILL,,,,,0,
2026-10-05,geoname:1275339|city:mumbai,81,Mumbai,Maharashtra,India,Asia/Kolkata,1275339,Mumbai,Parabhava,Dakshinayana,Varsha (Monsoon),Bhadrapada,Krishna Paksha,"Dashami upto 02:07 AM, Oct 06",Somawara,Pushya upto 11:09 PM,Shiva upto 09:51 AM,"Vanija upto 02:58 PM; Vishti upto 02:07 AM, Oct 06",06:30 AM,https://www.drikpanchang.com/panchang/month-panchang.html?geoname-id=1275339&date=05/10/2026,https://www.drikpanchang.com/panchang/day-panchang.html?geoname-id=1275339&date=05/10/2026,2026-09-07T10:55:52-04:00,BACKFILL,,,,,0,
2026-10-05,geoname:1275004|city:kolkata,82,Kolkata,West Bengal,India,Asia/Kolkata,1275004,Kolkata,Parabhava,Dakshinayana,Varsha (Monsoon),Bhadrapada,Krishna Paksha,"Dashami upto 02:07 AM, Oct 06",Somawara,Pushya upto 11:09 PM,Shiva upto 09:51 AM,"Vanija upto 02:58 PM; Vishti upto 02:07 AM, Oct 06",05:29 AM,https://www.drikpanchang.com/panchang/month-panchang.html?geoname-id=1275004&date=05/10/2026,https://www.drikpanchang.com/panchang/day-panchang.html?geoname-id=1275004&date=05/10/2026,2026-09-07T10:55:52-04:00,BACKFILL,,,,,0,
2026-10-05,geoname:1275817|city:bhubaneswar,83,Bhubaneswar,Odisha,India,Asia/Kolkata,1275817,Bhubaneswar,Parabhava,Dakshinayana,Varsha (Monsoon),Bhadrapada,Krishna Paksha,"Dashami upto 02:07 AM, Oct 06",Somawara,Pushya upto 11:09 PM,Shiva upto 09:51 AM,"Vanija upto 02:58 PM; Vishti upto 02:07 AM, Oct 06",05:38 AM,https://www.drikpanchang.com/panchang/month-panchang.html?geoname-id=1275817&date=05/10/2026,https://www.drikpanchang.com/panchang/day-panchang.html?geoname-id=1275817&date=05/10/2026,2026-09-07T10:55:52-04:00,BACKFILL,,,,,0,
2026-10-05,geoname:1254360|city:tirupati,84,Tirupati,Andhra Pradesh,India,Asia/Kolkata,1254360,Tirupati,Parabhava,Dakshinayana,Varsha (Monsoon),Bhadrapada,Krishna Paksha,"Dashami upto 02:07 AM, Oct 06",Somawara,Pushya upto 11:09 PM,Shiva upto 09:51 AM,"Vanija upto 02:58 PM; Vishti upto 02:07 AM, Oct 06",06:02 AM,https://www.drikpanchang.com/panchang/month-panchang.html?geoname-id=1254360&date=05/10/2026,https://www.drikpanchang.com/panchang/day-panchang.html?geoname-id=1254360&date=05/10/2026,2026-09-07T10:55:52-04:00,BACKFILL,,,,,0,
2026-10-05,geoname:1275841|city:bhopal,85,Bhopal,Madhya Pradesh,India,Asia/Kolkata,1275841,Bhopal,Parabhava,Dakshinayana,Varsha (Monsoon),Bhadrapada,Krishna Paksha,"Dashami upto 02:07 AM, Oct 06",Somawara,Pushya upto 11:09 PM,Shiva upto 09:51 AM,"Vanija upto 02:58 PM; Vishti upto 02:07 AM, Oct 06",06:13 AM,https://www.drikpanchang.com/panchang/month-panchang.html?geoname-id=1275841&date=05/10/2026,https://www.drikpanchang.com/panchang/day-panchang.html?geoname-id=1275841&date=05/10/2026,2026-09-07T10:55:52-04:00,BACKFILL,,,,,0,
2026-10-05,geoname:1253405|city:varanasi,86,Varanasi,Uttar Pradesh,India,Asia/Kolkata,1253405,Varanasi,Parabhava,Dakshinayana,Varsha (Monsoon),Bhadrapada,Krishna Paksha,"Dashami upto 02:07 AM, Oct 06",Somawara,Pushya upto 11:09 PM,Shiva upto 09:51 AM,"Vanija upto 02:58 PM; Vishti upto 02:07 AM, Oct 06",05:52 AM,https://www.drikpanchang.com/panchang/month-panchang.html?geoname-id=1253405&date=05/10/2026,https://www.drikpanchang.com/panchang/day-panchang.html?geoname-id=1253405&date=05/10/2026,2026-09-07T10:55:52-04:00,BACKFILL,,,,,0,
2026-10-05,geoname:1278994|city:prayagraj,87,Prayagraj,Uttar Pradesh,India,Asia/Kolkata,1278994,Prayagraj,Parabhava,Dakshinayana,Varsha (Monsoon),Bhadrapada,Krishna Paksha,"Dashami upto 02:07 AM, Oct 06",Somawara,Pushya upto 11:09 PM,Shiva upto 09:51 AM,"Vanija upto 02:58 PM; Vishti upto 02:07 AM, Oct 06",05:56 AM,https://www.drikpanchang.com/panchang/month-panchang.html?geoname-id=1278994&date=05/10/2026,https://www.drikpanchang.com/panchang/day-panchang.html?geoname-id=1278994&date=05/10/2026,2026-09-07T10:55:52-04:00,BACKFILL,,,,,0,
2026-10-05,geoname:1264733|city:lucknow,88,Lucknow,Uttar Pradesh,India,Asia/Kolkata,1264733,Lucknow,Parabhava,Dakshinayana,Varsha (Monsoon),Bhadrapada,Krishna Paksha,"Dashami upto 02:07 AM, Oct 06",Somawara,Pushya upto 11:09 PM,Shiva upto 09:51 AM,"Vanija upto 02:58 PM; Vishti upto 02:07 AM, Oct 06",06:01 AM,https://www.drikpanchang.com/panchang/month-panchang.html?geoname-id=1264733&date=05/10/2026,https://www.drikpanchang.com/panchang/day-panchang.html?geoname-id=1264733&date=05/10/2026,2026-09-07T10:55:52-04:00,BACKFILL,,,,,0,
2026-10-05,geoname:1255634|city:srinagar,89,Srinagar,Jammu and Kashmir,India,Asia/Kolkata,1255634,Srinagar,Parabhava,Dakshinayana,Varsha (Monsoon),Bhadrapada,Krishna Paksha,"Dashami upto 02:07 AM, Oct 06",Somawara,Pushya upto 11:09 PM,Shiva upto 09:51 AM,"Vanija upto 02:58 PM; Vishti upto 02:07 AM, Oct 06",06:28 AM,https://www.drikpanchang.com/panchang/month-panchang.html?geoname-id=1255634&date=05/10/2026,https://www.drikpanchang.com/panchang/day-panchang.html?geoname-id=1255634&date=05/10/2026,2026-09-07T10:55:52-04:00,BACKFILL,,,,,0,
2026-10-05,geoname:2174003|city:brisbane,90,Brisbane,Queensland,Australia,Australia/Brisbane,2174003,Brisbane,Parabhava,Dakshinayana,Shishir (Winter),Bhadrapada,Krishna Paksha,Navami upto 08:23 AM,Somawara,"Pushya upto 03:39 AM, Oct 06",Shiva upto 02:21 PM,Garaja upto 08:23 AM; Vanija upto 07:28 PM,05:23 AM,https://www.drikpanchang.com/panchang/month-panchang.html?geoname-id=2174003&date=05/10/2026,https://www.drikpanchang.com/panchang/day-panchang.html?geoname-id=2174003&date=05/10/2026,2026-09-07T10:55:52-04:00,BACKFILL,,,,,0,
2026-10-05,geoname:2158177|city:melbourne,91,Melbourne,Victoria,Australia,Australia/Melbourne,2158177,Melbourne,Parabhava,Dakshinayana,Shishir (Winter),Bhadrapada,Krishna Paksha,Navami upto 09:23 AM,Somawara,"Pushya upto 04:39 AM, Oct 06",Shiva upto 03:21 PM,Garaja upto 09:23 AM; Vanija upto 08:28 PM,06:50 AM,https://www.drikpanchang.com/panchang/month-panchang.html?geoname-id=2158177&date=05/10/2026,https://www.drikpanchang.com/panchang/day-panchang.html?geoname-id=2158177&date=05/10/2026,2026-09-07T10:55:52-04:00,BACKFILL,,,,,0,
2026-10-05,geoname:2078025|city:adelaide,92,Adelaide,South Australia,Australia,Australia/Adelaide,2078025,Adelaide,Parabhava,Dakshinayana,Shishir (Winter),Bhadrapada,Krishna Paksha,Navami upto 08:53 AM,Somawara,"Pushya upto 04:09 AM, Oct 06",Shiva upto 02:51 PM,Garaja upto 08:53 AM; Vanija upto 07:58 PM,06:47 AM,https://www.drikpanchang.com/panchang/month-panchang.html?geoname-id=2078025&date=05/10/2026,https://www.drikpanchang.com/panchang/day-panchang.html?geoname-id=2078025&date=05/10/2026,2026-09-07T10:55:52-04:00,BACKFILL,,,,,0,
2026-10-05,geoname:2063523|city:perth,93,Perth,Western Australia,Australia,Australia/Perth,2063523,Perth,Parabhava,Dakshinayana,Shishir (Winter),Bhadrapada,Krishna Paksha,"Navami upto 06:23 AM; Dashami upto 04:37 AM, Oct 06",Somawara,"Pushya upto 01:39 AM, Oct 06",Shiva upto 12:21 PM,"Garaja upto 06:23 AM; Vanija upto 05:28 PM; Vishti upto 04:37 AM, Oct 06",05:50 AM,https://www.drikpanchang.com/panchang/month-panchang.html?geoname-id=2063523&date=05/10/2026,https://www.drikpanchang.com/panchang/day-panchang.html?geoname-id=2063523&date=05/10/2026,2026-09-07T10:55:52-04:00,BACKFILL,,,,,0,
2026-10-05,geoname:2172517|city:canberra,94,Canberra,Australian Capital Territory,Australia,Australia/Sydney,2172517,Canberra,Parabhava,Dakshinayana,Shishir (Winter),Bhadrapada,Krishna Paksha,Navami upto 09:23 AM,Somawara,"Pushya upto 04:39 AM, Oct 06",Shiva upto 03:21 PM,Garaja upto 09:23 AM; Vanija upto 08:28 PM,06:35 AM,https://www.drikpanchang.com/panchang/month-panchang.html?geoname-id=2172517&date=05/10/2026,https://www.drikpanchang.com/panchang/day-panchang.html?geoname-id=2172517&date=05/10/2026,2026-09-07T10:55:52-04:00,BACKFILL,,,,,0,
2026-10-05,geoname:2147714|city:sydney,95,Sydney,New South Wales,Australia,Australia/Sydney,2147714,Sydney,Parabhava,Dakshinayana,Shishir (Winter),Bhadrapada,Krishna Paksha,Navami upto 09:23 AM,Somawara,"Pushya upto 04:39 AM, Oct 06",Shiva upto 03:21 PM,Garaja upto 09:23 AM; Vanija upto 08:28 PM,06:27 AM,https://www.drikpanchang.com/panchang/month-panchang.html?geoname-id=2147714&date=05/10/2026,https://www.drikpanchang.com/panchang/day-panchang.html?geoname-id=2147714&date=05/10/2026,2026-09-07T10:55:52-04:00,BACKFILL,,,,,0,
