Month,Place Key,Location Key,City,State/Region,Country,Timezone,Geoname ID,Scan Status,Festival Count,Registry Match Count,Registry Detail URL Count,Drik URL,Discovery Schema Version,Scan Error,Scanned At
2026-08,geoname:6182962,geoname:6182962|city:windsor,Windsor,Ontario,Canada,America/New_York,6182962,COMPLETE,27,8,8,https://www.drikpanchang.com/panchang/month-panchang.html?geoname-id=6182962&date=15/08/2026,V7_EVENT_DETAIL_URL_CAPTURE,,2026-08-21T15:58:04-04:00
2026-08,geoname:2643743,geoname:2643743|city:london,London,London,United Kingdom,Europe/London,2643743,COMPLETE,30,10,10,https://www.drikpanchang.com/panchang/month-panchang.html?geoname-id=2643743&date=15/08/2026,V7_EVENT_DETAIL_URL_CAPTURE,,2026-08-21T15:58:20-04:00
2026-08,geoname:1276533,geoname:1276533|city:belgaum,Belgaum,Karnataka,India,Asia/Kolkata,1276533,COMPLETE,33,9,9,https://www.drikpanchang.com/panchang/month-panchang.html?geoname-id=1276533&date=15/08/2026,V7_EVENT_DETAIL_URL_CAPTURE,,2026-08-21T15:58:37-04:00
2026-08,geoname:1269920,geoname:1269920|city:hubli,Hubli,Karnataka,India,Asia/Kolkata,1269920,COMPLETE,33,9,9,https://www.drikpanchang.com/panchang/month-panchang.html?geoname-id=1269920&date=15/08/2026,V7_EVENT_DETAIL_URL_CAPTURE,,2026-08-21T15:58:52-04:00
2026-08,geoname:6173331,geoname:6173331|city:vancouver,Vancouver,British Columbia,Canada,America/Los_Angeles,6173331,COMPLETE,28,8,8,https://www.drikpanchang.com/panchang/month-panchang.html?geoname-id=6173331&date=15/08/2026,V7_EVENT_DETAIL_URL_CAPTURE,,2026-08-21T15:59:07-04:00
2026-08,geoname:5108728,geoname:5108728|city:belfast,Belfast,New York,United States,America/New_York,5108728,COMPLETE,30,8,8,https://www.drikpanchang.com/panchang/month-panchang.html?geoname-id=5108728&date=15/08/2026,V7_EVENT_DETAIL_URL_CAPTURE,,2026-08-21T15:59:23-04:00
2026-08,geoname:1835848,geoname:1835848|city:seoul,Seoul,Seoul,South Korea,Asia/Seoul,1835848,COMPLETE,31,8,8,https://www.drikpanchang.com/panchang/month-panchang.html?geoname-id=1835848&date=15/08/2026,V7_EVENT_DETAIL_URL_CAPTURE,,2026-08-21T15:59:39-04:00
2026-08,geoname:2193733,geoname:2193733|city:auckland,Auckland,Auckland,New Zealand,Pacific/Auckland,2193733,COMPLETE,31,8,8,https://www.drikpanchang.com/panchang/month-panchang.html?geoname-id=2193733&date=15/08/2026,V7_EVENT_DETAIL_URL_CAPTURE,,2026-08-21T15:59:56-04:00
2026-08,geoname:2179537,geoname:2179537|city:wellington,Wellington,Wellington,New Zealand,Pacific/Auckland,2179537,COMPLETE,31,8,8,https://www.drikpanchang.com/panchang/month-panchang.html?geoname-id=2179537&date=15/08/2026,V7_EVENT_DETAIL_URL_CAPTURE,,2026-08-21T16:00:13-04:00
2026-08,geoname:2192362,geoname:2192362|city:christchurch,Christchurch,Canterbury,New Zealand,Pacific/Auckland,2192362,COMPLETE,31,8,8,https://www.drikpanchang.com/panchang/month-panchang.html?geoname-id=2192362&date=15/08/2026,V7_EVENT_DETAIL_URL_CAPTURE,,2026-08-21T16:00:30-04:00
2026-08,geoname:1279290,geoname:1279290|city:agartala,Agartala,Tripura,India,Asia/Kolkata,1279290,COMPLETE,31,9,9,https://www.drikpanchang.com/panchang/month-panchang.html?geoname-id=1279290&date=15/08/2026,V7_EVENT_DETAIL_URL_CAPTURE,,2026-08-21T16:00:49-04:00
2026-08,geoname:1271476,geoname:1271476|city:guwahati,Guwahati,Assam,India,Asia/Kolkata,1271476,COMPLETE,32,9,9,https://www.drikpanchang.com/panchang/month-panchang.html?geoname-id=1271476&date=15/08/2026,V7_EVENT_DETAIL_URL_CAPTURE,,2026-08-21T16:01:05-04:00
2026-08,geoname:1256525,geoname:1256525|city:shiliguri,Shiliguri,West Bengal,India,Asia/Kolkata,1256525,COMPLETE,29,9,9,https://www.drikpanchang.com/panchang/month-panchang.html?geoname-id=1256525&date=15/08/2026,V7_EVENT_DETAIL_URL_CAPTURE,,2026-08-21T16:01:22-04:00
2026-08,geoname:1279186,geoname:1279186|city:aizawl,Aizawl,Mizoram,India,Asia/Kolkata,1279186,COMPLETE,33,9,9,https://www.drikpanchang.com/panchang/month-panchang.html?geoname-id=1279186&date=15/08/2026,V7_EVENT_DETAIL_URL_CAPTURE,,2026-08-21T16:01:38-04:00
2026-08,geoname:1271631,geoname:1271631|city:gangtok,Gangtok,Sikkim,India,Asia/Kolkata,1271631,COMPLETE,33,9,9,https://www.drikpanchang.com/panchang/month-panchang.html?geoname-id=1271631&date=15/08/2026,V7_EVENT_DETAIL_URL_CAPTURE,,2026-08-21T16:01:55-04:00
2026-08,geoname:1256287,geoname:1256287|city:silchar,Silchar,Assam,India,Asia/Kolkata,1256287,COMPLETE,33,9,9,https://www.drikpanchang.com/panchang/month-panchang.html?geoname-id=1256287&date=15/08/2026,V7_EVENT_DETAIL_URL_CAPTURE,,2026-08-21T16:02:12-04:00
2026-08,geoname:1272648,geoname:1272648|city:dibrugarh,Dibrugarh,Assam,India,Asia/Kolkata,1272648,COMPLETE,32,9,9,https://www.drikpanchang.com/panchang/month-panchang.html?geoname-id=1272648&date=15/08/2026,V7_EVENT_DETAIL_URL_CAPTURE,,2026-08-21T16:02:28-04:00
2026-08,geoname:1269771,geoname:1269771|city:imphal,Imphal,Manipur,India,Asia/Kolkata,1269771,COMPLETE,33,9,9,https://www.drikpanchang.com/panchang/month-panchang.html?geoname-id=1269771&date=15/08/2026,V7_EVENT_DETAIL_URL_CAPTURE,,2026-08-21T16:02:45-04:00
2026-08,geoname:1272552,geoname:1272552|city:dimapur,Dimapur,Nagaland,India,Asia/Kolkata,1272552,COMPLETE,33,9,9,https://www.drikpanchang.com/panchang/month-panchang.html?geoname-id=1272552&date=15/08/2026,V7_EVENT_DETAIL_URL_CAPTURE,,2026-08-21T16:03:03-04:00
2026-08,geoname:1269655,geoname:1269655|city:itanagar,Itanagar,Arunachal Pradesh,India,Asia/Kolkata,1269655,COMPLETE,33,9,9,https://www.drikpanchang.com/panchang/month-panchang.html?geoname-id=1269655&date=15/08/2026,V7_EVENT_DETAIL_URL_CAPTURE,,2026-08-21T16:03:20-04:00
2026-08,geoname:1264521,geoname:1264521|city:madurai,Madurai,Tamil Nadu,India,Asia/Kolkata,1264521,COMPLETE,32,9,9,https://www.drikpanchang.com/panchang/month-panchang.html?geoname-id=1264521&date=15/08/2026,V7_EVENT_DETAIL_URL_CAPTURE,,2026-08-21T16:03:40-04:00
2026-08,geoname:1265683,geoname:1265683|city:kumbakonam,Kumbakonam,Tamil Nadu,India,Asia/Kolkata,1265683,COMPLETE,28,9,9,https://www.drikpanchang.com/panchang/month-panchang.html?geoname-id=1265683&date=15/08/2026,V7_EVENT_DETAIL_URL_CAPTURE,,2026-08-21T16:03:57-04:00
2026-08,geoname:1274256,geoname:1274256|city:chidambaram,Chidambaram,Tamil Nadu,India,Asia/Kolkata,1274256,COMPLETE,28,9,9,https://www.drikpanchang.com/panchang/month-panchang.html?geoname-id=1274256&date=15/08/2026,V7_EVENT_DETAIL_URL_CAPTURE,,2026-08-21T16:04:14-04:00
2026-08,geoname:1268159,geoname:1268159|city:kanchipuram,Kanchipuram,Tamil Nadu,India,Asia/Kolkata,1268159,COMPLETE,33,9,9,https://www.drikpanchang.com/panchang/month-panchang.html?geoname-id=1268159&date=15/08/2026,V7_EVENT_DETAIL_URL_CAPTURE,,2026-08-21T16:04:33-04:00
2026-08,geoname:1254388,geoname:1254388|city:srirangam,Srirangam,Tamil Nadu,India,Asia/Kolkata,1254388,COMPLETE,32,9,9,https://www.drikpanchang.com/panchang/month-panchang.html?geoname-id=1254388&date=15/08/2026,V7_EVENT_DETAIL_URL_CAPTURE,,2026-08-21T16:04:49-04:00
2026-08,geoname:1270603,geoname:1270603|city:guruvayur,Guruvayur,Kerala,India,Asia/Kolkata,1270603,COMPLETE,32,9,9,https://www.drikpanchang.com/panchang/month-panchang.html?geoname-id=1270603&date=15/08/2026,V7_EVENT_DETAIL_URL_CAPTURE,,2026-08-21T16:05:06-04:00
2026-08,geoname:1260546,geoname:1260546|city:pandharpur,Pandharpur,Maharashtra,India,Asia/Kolkata,1260546,COMPLETE,33,9,9,https://www.drikpanchang.com/panchang/month-panchang.html?geoname-id=1260546&date=15/08/2026,V7_EVENT_DETAIL_URL_CAPTURE,,2026-08-21T16:05:22-04:00
2026-08,geoname:1266285,geoname:1266285|city:kolhapur,Kolhapur,Maharashtra,India,Asia/Kolkata,1266285,COMPLETE,33,9,9,https://www.drikpanchang.com/panchang/month-panchang.html?geoname-id=1266285&date=15/08/2026,V7_EVENT_DETAIL_URL_CAPTURE,,2026-08-21T16:05:39-04:00
2026-08,geoname:1262180,geoname:1262180|city:nagpur,Nagpur,Maharashtra,India,Asia/Kolkata,1262180,COMPLETE,33,9,9,https://www.drikpanchang.com/panchang/month-panchang.html?geoname-id=1262180&date=15/08/2026,V7_EVENT_DETAIL_URL_CAPTURE,,2026-08-21T16:05:56-04:00
2026-08,geoname:1253102,geoname:1253102|city:visakhapatnam,Visakhapatnam,Andra Pradesh,India,Asia/Kolkata,1253102,COMPLETE,33,9,9,https://www.drikpanchang.com/panchang/month-panchang.html?geoname-id=1253102&date=15/08/2026,V7_EVENT_DETAIL_URL_CAPTURE,,2026-08-21T16:06:13-04:00
2026-08,geoname:292223,geoname:292223|city:dubai,Dubai,Dubai,United Arab Emirates,Asia/Dubai,292223,COMPLETE,32,8,8,https://www.drikpanchang.com/panchang/month-panchang.html?geoname-id=292223&date=15/08/2026,V7_EVENT_DETAIL_URL_CAPTURE,,2026-08-21T16:06:34-04:00
2026-08,geoname:290030,geoname:290030|city:doha,Doha,Baladīyat ad Dawḩah,Qatar,Asia/Qatar,290030,COMPLETE,32,8,8,https://www.drikpanchang.com/panchang/month-panchang.html?geoname-id=290030&date=15/08/2026,V7_EVENT_DETAIL_URL_CAPTURE,,2026-08-21T16:06:52-04:00
2026-08,geoname:2657896,geoname:2657896|city:zurich,Zurich,Zurich,Switzerland,Europe/Zurich,2657896,COMPLETE,33,10,10,https://www.drikpanchang.com/panchang/month-panchang.html?geoname-id=2657896&date=15/08/2026,V7_EVENT_DETAIL_URL_CAPTURE,,2026-08-21T16:07:10-04:00
2026-08,geoname:2928751,geoname:2928751|city:esslingen,Esslingen,Esslingen,Germany,Europe/Berlin,2928751,COMPLETE,33,10,10,https://www.drikpanchang.com/panchang/month-panchang.html?geoname-id=2928751&date=15/08/2026,V7_EVENT_DETAIL_URL_CAPTURE,,2026-08-21T16:07:26-04:00
2026-08,geoname:1278094,geoname:1278094|city:ayodhya,Ayodhya,Uttar Pradesh,India,Asia/Kolkata,1278094,COMPLETE,33,9,9,https://www.drikpanchang.com/panchang/month-panchang.html?geoname-id=1278094&date=15/08/2026,V7_EVENT_DETAIL_URL_CAPTURE,,2026-08-21T16:07:43-04:00
2026-08,geoname:5131614,geoname:5131614|city:pittsford,Pittsford,New York,United States,America/New_York,5131614,COMPLETE,31,8,8,https://www.drikpanchang.com/panchang/month-panchang.html?geoname-id=5131614&date=15/08/2026,V7_EVENT_DETAIL_URL_CAPTURE,,2026-08-21T16:07:59-04:00
2026-08,geoname:5119251,geoname:5119251|city:greece,Greece,New York,United States,America/New_York,5119251,COMPLETE,27,8,8,https://www.drikpanchang.com/panchang/month-panchang.html?geoname-id=5119251&date=15/08/2026,V7_EVENT_DETAIL_URL_CAPTURE,,2026-08-21T16:08:15-04:00
2026-08,geoname:5140405,geoname:5140405|city:syracuse,Syracuse,New York,United States,America/New_York,5140405,COMPLETE,31,8,8,https://www.drikpanchang.com/panchang/month-panchang.html?geoname-id=5140405&date=15/08/2026,V7_EVENT_DETAIL_URL_CAPTURE,,2026-08-21T16:08:32-04:00
2026-08,geoname:4256038,geoname:4256038|city:columbus,Columbus,Indiana,United States,America/Indiana/Indianapolis,4256038,COMPLETE,31,8,8,https://www.drikpanchang.com/panchang/month-panchang.html?geoname-id=4256038&date=15/08/2026,V7_EVENT_DETAIL_URL_CAPTURE,,2026-08-21T16:08:50-04:00
2026-08,geoname:4487042,geoname:4487042|city:raleigh,Raleigh,North Carolina,United States,America/New_York,4487042,COMPLETE,31,8,8,https://www.drikpanchang.com/panchang/month-panchang.html?geoname-id=4487042&date=15/08/2026,V7_EVENT_DETAIL_URL_CAPTURE,,2026-08-21T16:09:06-04:00
2026-08,geoname:4460243,geoname:4460243|city:charlotte,Charlotte,North Carolina,United States,America/New_York,4460243,COMPLETE,31,8,8,https://www.drikpanchang.com/panchang/month-panchang.html?geoname-id=4460243&date=15/08/2026,V7_EVENT_DETAIL_URL_CAPTURE,,2026-08-21T16:09:24-04:00
2026-08,geoname:1277333,geoname:1277333|city:bengaluru,Bengaluru,Karnataka,India,Asia/Kolkata,1277333,COMPLETE,33,9,9,https://www.drikpanchang.com/panchang/month-panchang.html?geoname-id=1277333&date=15/08/2026,V7_EVENT_DETAIL_URL_CAPTURE,,2026-08-21T16:09:40-04:00
2026-08,geoname:1262321,geoname:1262321|city:mysuru,Mysuru,Karnataka,India,Asia/Kolkata,1262321,COMPLETE,32,9,9,https://www.drikpanchang.com/panchang/month-panchang.html?geoname-id=1262321&date=15/08/2026,V7_EVENT_DETAIL_URL_CAPTURE,,2026-08-21T16:09:56-04:00
2026-08,geoname:1262321,geoname:1262321|city:t_narasipura,T Narasipura,Karnataka,India,Asia/Kolkata,1262321,COMPLETE,28,9,9,https://www.drikpanchang.com/panchang/month-panchang.html?geoname-id=1262321&date=15/08/2026,V7_EVENT_DETAIL_URL_CAPTURE,,2026-08-21T16:10:12-04:00
2026-08,geoname:1263780,geoname:1263780|city:mangalore,Mangalore,Karnataka,India,Asia/Kolkata,1263780,COMPLETE,33,9,9,https://www.drikpanchang.com/panchang/month-panchang.html?geoname-id=1263780&date=15/08/2026,V7_EVENT_DETAIL_URL_CAPTURE,,2026-08-21T16:10:28-04:00
2026-08,geoname:1253952,geoname:1253952|city:udupi,Udupi,Karnataka,India,Asia/Kolkata,1253952,COMPLETE,33,9,9,https://www.drikpanchang.com/panchang/month-panchang.html?geoname-id=1253952&date=15/08/2026,V7_EVENT_DETAIL_URL_CAPTURE,,2026-08-21T16:10:44-04:00
2026-08,geoname:1255364,geoname:1255364|city:surat,Surat,Gujarat,India,Asia/Kolkata,1255364,COMPLETE,33,9,9,https://www.drikpanchang.com/panchang/month-panchang.html?geoname-id=1255364&date=15/08/2026,V7_EVENT_DETAIL_URL_CAPTURE,,2026-08-21T16:10:59-04:00
2026-08,geoname:1259229,geoname:1259229|city:pune,Pune,Maharashtra,India,Asia/Kolkata,1259229,COMPLETE,29,9,9,https://www.drikpanchang.com/panchang/month-panchang.html?geoname-id=1259229&date=15/08/2026,V7_EVENT_DETAIL_URL_CAPTURE,,2026-08-21T16:11:17-04:00
2026-08,geoname:1253573,geoname:1253573|city:vadodara,Vadodara,Gujarat,India,Asia/Kolkata,1253573,COMPLETE,33,9,9,https://www.drikpanchang.com/panchang/month-panchang.html?geoname-id=1253573&date=15/08/2026,V7_EVENT_DETAIL_URL_CAPTURE,,2026-08-21T16:11:33-04:00
2026-08,geoname:1269843,geoname:1269843|city:hyderabad,Hyderabad,Telangana,India,Asia/Kolkata,1269843,COMPLETE,33,9,9,https://www.drikpanchang.com/panchang/month-panchang.html?geoname-id=1269843&date=15/08/2026,V7_EVENT_DETAIL_URL_CAPTURE,,2026-08-21T16:11:50-04:00
2026-08,geoname:5134086,geoname:5134086|city:rochester,Rochester,New York,United States,America/New_York,5134086,COMPLETE,31,8,8,https://www.drikpanchang.com/panchang/month-panchang.html?geoname-id=5134086&date=15/08/2026,V7_EVENT_DETAIL_URL_CAPTURE,,2026-08-21T16:12:08-04:00
2026-08,geoname:5139865,geoname:5139865|city:stonybrook,Stonybrook,New York,United States,America/New_York,5139865,COMPLETE,31,8,8,https://www.drikpanchang.com/panchang/month-panchang.html?geoname-id=5139865&date=15/08/2026,V7_EVENT_DETAIL_URL_CAPTURE,,2026-08-21T16:12:24-04:00
2026-08,geoname:4922462,geoname:4922462|city:lafayette,Lafayette,Indiana,United States,America/Indiana/Indianapolis,4922462,COMPLETE,31,8,8,https://www.drikpanchang.com/panchang/month-panchang.html?geoname-id=4922462&date=15/08/2026,V7_EVENT_DETAIL_URL_CAPTURE,,2026-08-21T16:12:39-04:00
2026-08,geoname:4887398,geoname:4887398|city:chicago,Chicago,Illinois,United States,America/Chicago,4887398,COMPLETE,31,8,8,https://www.drikpanchang.com/panchang/month-panchang.html?geoname-id=4887398&date=15/08/2026,V7_EVENT_DETAIL_URL_CAPTURE,,2026-08-21T16:12:55-04:00
2026-08,geoname:4684888,geoname:4684888|city:dallas,Dallas,Texas,United States,America/Chicago,4684888,COMPLETE,31,8,8,https://www.drikpanchang.com/panchang/month-panchang.html?geoname-id=4684888&date=15/08/2026,V7_EVENT_DETAIL_URL_CAPTURE,,2026-08-21T16:13:11-04:00
2026-08,geoname:4699066,geoname:4699066|city:houston,Houston,Texas,United States,America/Chicago,4699066,COMPLETE,31,8,8,https://www.drikpanchang.com/panchang/month-panchang.html?geoname-id=4699066&date=15/08/2026,V7_EVENT_DETAIL_URL_CAPTURE,,2026-08-21T16:13:27-04:00
2026-08,geoname:5308655,geoname:5308655|city:phoenix,Phoenix,Arizona,United States,America/Phoenix,5308655,COMPLETE,31,8,8,https://www.drikpanchang.com/panchang/month-panchang.html?geoname-id=5308655&date=15/08/2026,V7_EVENT_DETAIL_URL_CAPTURE,,2026-08-21T16:13:42-04:00
2026-08,geoname:5391959,geoname:5391959|city:san_francisco,San Francisco,California,United States,America/Los_Angeles,5391959,COMPLETE,31,8,8,https://www.drikpanchang.com/panchang/month-panchang.html?geoname-id=5391959&date=15/08/2026,V7_EVENT_DETAIL_URL_CAPTURE,,2026-08-21T16:14:00-04:00
2026-08,geoname:5368361,geoname:5368361|city:los_angeles,Los Angeles,California,United States,America/Los_Angeles,5368361,COMPLETE,31,8,8,https://www.drikpanchang.com/panchang/month-panchang.html?geoname-id=5368361&date=15/08/2026,V7_EVENT_DETAIL_URL_CAPTURE,,2026-08-21T16:14:16-04:00
2026-08,geoname:5809844,geoname:5809844|city:seattle,Seattle,Washington,United States,America/Los_Angeles,5809844,COMPLETE,31,8,8,https://www.drikpanchang.com/panchang/month-panchang.html?geoname-id=5809844&date=15/08/2026,V7_EVENT_DETAIL_URL_CAPTURE,,2026-08-21T16:14:32-04:00
2026-08,geoname:4174757,geoname:4174757|city:tampa,Tampa,Florida,United States,America/New_York,4174757,COMPLETE,31,8,8,https://www.drikpanchang.com/panchang/month-panchang.html?geoname-id=4174757&date=15/08/2026,V7_EVENT_DETAIL_URL_CAPTURE,,2026-08-21T16:14:50-04:00
2026-08,geoname:4167147,geoname:4167147|city:orlando,Orlando,Florida,United States,America/New_York,4167147,COMPLETE,27,8,8,https://www.drikpanchang.com/panchang/month-panchang.html?geoname-id=4167147&date=15/08/2026,V7_EVENT_DETAIL_URL_CAPTURE,,2026-08-21T16:15:06-04:00
2026-08,geoname:4781708,geoname:4781708|city:richmond,Richmond,Virginia,United States,America/New_York,4781708,COMPLETE,28,8,8,https://www.drikpanchang.com/panchang/month-panchang.html?geoname-id=4781708&date=15/08/2026,V7_EVENT_DETAIL_URL_CAPTURE,,2026-08-21T16:15:22-04:00
2026-08,geoname:4347778,geoname:4347778|city:baltimore,Baltimore,Maryland,United States,America/New_York,4347778,COMPLETE,31,8,8,https://www.drikpanchang.com/panchang/month-panchang.html?geoname-id=4347778&date=15/08/2026,V7_EVENT_DETAIL_URL_CAPTURE,,2026-08-21T16:15:37-04:00
2026-08,geoname:4560349,geoname:4560349|city:philadelphia,Philadelphia,Pennsylvania,United States,America/New_York,4560349,COMPLETE,31,8,8,https://www.drikpanchang.com/panchang/month-panchang.html?geoname-id=4560349&date=15/08/2026,V7_EVENT_DETAIL_URL_CAPTURE,,2026-08-21T16:15:53-04:00
2026-08,geoname:5128581,geoname:5128581|city:new_york,New York,New York,United States,America/New_York,5128581,COMPLETE,27,8,8,https://www.drikpanchang.com/panchang/month-panchang.html?geoname-id=5128581&date=15/08/2026,V7_EVENT_DETAIL_URL_CAPTURE,,2026-08-21T16:16:08-04:00
2026-08,geoname:5099836,geoname:5099836|city:new_jersey,New Jersey,New Jersey,United States,America/New_York,5099836,COMPLETE,27,8,8,https://www.drikpanchang.com/panchang/month-panchang.html?geoname-id=5099836&date=15/08/2026,V7_EVENT_DETAIL_URL_CAPTURE,,2026-08-21T16:16:24-04:00
2026-08,geoname:5110629,geoname:5110629|city:buffalo,Buffalo,New York,United States,America/New_York,5110629,COMPLETE,28,8,8,https://www.drikpanchang.com/panchang/month-panchang.html?geoname-id=5110629&date=15/08/2026,V7_EVENT_DETAIL_URL_CAPTURE,,2026-08-21T16:16:39-04:00
2026-08,geoname:5150529,geoname:5150529|city:cleveland,Cleveland,Ohio,United States,America/New_York,5150529,COMPLETE,31,8,8,https://www.drikpanchang.com/panchang/month-panchang.html?geoname-id=5150529&date=15/08/2026,V7_EVENT_DETAIL_URL_CAPTURE,,2026-08-21T16:16:55-04:00
2026-08,geoname:4509177,geoname:4509177|city:columbus,Columbus,Ohio,United States,America/New_York,4509177,COMPLETE,31,8,8,https://www.drikpanchang.com/panchang/month-panchang.html?geoname-id=4509177&date=15/08/2026,V7_EVENT_DETAIL_URL_CAPTURE,,2026-08-21T16:17:12-04:00
2026-08,geoname:4508722,geoname:4508722|city:cincinnati,Cincinnati,Ohio,United States,America/New_York,4508722,COMPLETE,31,8,8,https://www.drikpanchang.com/panchang/month-panchang.html?geoname-id=4508722&date=15/08/2026,V7_EVENT_DETAIL_URL_CAPTURE,,2026-08-21T16:17:31-04:00
2026-08,geoname:4634946,geoname:4634946|city:knoxville,Knoxville,Tennessee,United States,America/New_York,4634946,COMPLETE,31,8,8,https://www.drikpanchang.com/panchang/month-panchang.html?geoname-id=4634946&date=15/08/2026,V7_EVENT_DETAIL_URL_CAPTURE,,2026-08-21T16:17:48-04:00
2026-08,geoname:4644585,geoname:4644585|city:nashville,Nashville,Tennessee,United States,America/Chicago,4644585,COMPLETE,31,8,8,https://www.drikpanchang.com/panchang/month-panchang.html?geoname-id=4644585&date=15/08/2026,V7_EVENT_DETAIL_URL_CAPTURE,,2026-08-21T16:18:03-04:00
2026-08,geoname:5383527,geoname:5383527|city:placentia,Placentia,California,United States,America/Los_Angeles,5383527,COMPLETE,31,8,8,https://www.drikpanchang.com/panchang/month-panchang.html?geoname-id=5383527&date=15/08/2026,V7_EVENT_DETAIL_URL_CAPTURE,,2026-08-21T16:18:20-04:00
2026-08,geoname:4180439,geoname:4180439|city:atlanta,Atlanta,Georgia,United States,America/New_York,4180439,COMPLETE,31,8,8,https://www.drikpanchang.com/panchang/month-panchang.html?geoname-id=4180439&date=15/08/2026,V7_EVENT_DETAIL_URL_CAPTURE,,2026-08-21T16:18:36-04:00
2026-08,geoname:1264527,geoname:1264527|city:chennai,Chennai,Tamil Nadu,India,Asia/Kolkata,1264527,COMPLETE,33,9,9,https://www.drikpanchang.com/panchang/month-panchang.html?geoname-id=1264527&date=15/08/2026,V7_EVENT_DETAIL_URL_CAPTURE,,2026-08-21T16:21:05-04:00
2026-08,geoname:1254163,geoname:1254163|city:thiruvananthapuram,Thiruvananthapuram,Kerala,India,Asia/Kolkata,1254163,COMPLETE,32,9,9,https://www.drikpanchang.com/panchang/month-panchang.html?geoname-id=1254163&date=15/08/2026,V7_EVENT_DETAIL_URL_CAPTURE,,2026-08-21T16:21:22-04:00
2026-08,geoname:1275339,geoname:1275339|city:mumbai,Mumbai,Maharashtra,India,Asia/Kolkata,1275339,COMPLETE,28,8,8,https://www.drikpanchang.com/panchang/month-panchang.html?geoname-id=1275339&date=15/08/2026,V7_EVENT_DETAIL_URL_CAPTURE,,2026-08-21T16:21:37-04:00
2026-08,geoname:1275004,geoname:1275004|city:kolkata,Kolkata,West Bengal,India,Asia/Kolkata,1275004,COMPLETE,33,9,9,https://www.drikpanchang.com/panchang/month-panchang.html?geoname-id=1275004&date=15/08/2026,V7_EVENT_DETAIL_URL_CAPTURE,,2026-08-21T16:21:53-04:00
2026-08,geoname:1275817,geoname:1275817|city:bhubaneswar,Bhubaneswar,Odisha,India,Asia/Kolkata,1275817,COMPLETE,29,9,9,https://www.drikpanchang.com/panchang/month-panchang.html?geoname-id=1275817&date=15/08/2026,V7_EVENT_DETAIL_URL_CAPTURE,,2026-08-21T16:22:09-04:00
2026-08,geoname:1254360,geoname:1254360|city:tirupati,Tirupati,Andhra Pradesh,India,Asia/Kolkata,1254360,COMPLETE,33,9,9,https://www.drikpanchang.com/panchang/month-panchang.html?geoname-id=1254360&date=15/08/2026,V7_EVENT_DETAIL_URL_CAPTURE,,2026-08-21T16:22:28-04:00
2026-08,geoname:1275841,geoname:1275841|city:bhopal,Bhopal,Madhya Pradesh,India,Asia/Kolkata,1275841,COMPLETE,29,9,9,https://www.drikpanchang.com/panchang/month-panchang.html?geoname-id=1275841&date=15/08/2026,V7_EVENT_DETAIL_URL_CAPTURE,,2026-08-21T16:22:44-04:00
2026-08,geoname:1253405,geoname:1253405|city:varanasi,Varanasi,Uttar Pradesh,India,Asia/Kolkata,1253405,COMPLETE,33,9,9,https://www.drikpanchang.com/panchang/month-panchang.html?geoname-id=1253405&date=15/08/2026,V7_EVENT_DETAIL_URL_CAPTURE,,2026-08-21T16:23:00-04:00
2026-08,geoname:1278994,geoname:1278994|city:prayagraj,Prayagraj,Uttar Pradesh,India,Asia/Kolkata,1278994,COMPLETE,33,9,9,https://www.drikpanchang.com/panchang/month-panchang.html?geoname-id=1278994&date=15/08/2026,V7_EVENT_DETAIL_URL_CAPTURE,,2026-08-21T16:23:16-04:00
2026-08,geoname:1264733,geoname:1264733|city:lucknow,Lucknow,Uttar Pradesh,India,Asia/Kolkata,1264733,COMPLETE,33,9,9,https://www.drikpanchang.com/panchang/month-panchang.html?geoname-id=1264733&date=15/08/2026,V7_EVENT_DETAIL_URL_CAPTURE,,2026-08-21T16:23:31-04:00
2026-08,geoname:1255634,geoname:1255634|city:srinagar,Srinagar,Jammu and Kashmir,India,Asia/Kolkata,1255634,COMPLETE,32,9,9,https://www.drikpanchang.com/panchang/month-panchang.html?geoname-id=1255634&date=15/08/2026,V7_EVENT_DETAIL_URL_CAPTURE,,2026-08-21T16:23:47-04:00
2026-08,geoname:2174003,geoname:2174003|city:brisbane,Brisbane,Queensland,Australia,Australia/Brisbane,2174003,COMPLETE,31,8,8,https://www.drikpanchang.com/panchang/month-panchang.html?geoname-id=2174003&date=15/08/2026,V7_EVENT_DETAIL_URL_CAPTURE,,2026-08-21T16:24:04-04:00
2026-08,geoname:2158177,geoname:2158177|city:melbourne,Melbourne,Victoria,Australia,Australia/Melbourne,2158177,COMPLETE,31,8,8,https://www.drikpanchang.com/panchang/month-panchang.html?geoname-id=2158177&date=15/08/2026,V7_EVENT_DETAIL_URL_CAPTURE,,2026-08-21T16:24:20-04:00
2026-08,geoname:2078025,geoname:2078025|city:adelaide,Adelaide,South Australia,Australia,Australia/Adelaide,2078025,COMPLETE,31,8,8,https://www.drikpanchang.com/panchang/month-panchang.html?geoname-id=2078025&date=15/08/2026,V7_EVENT_DETAIL_URL_CAPTURE,,2026-08-21T16:24:36-04:00
2026-08,geoname:2063523,geoname:2063523|city:perth,Perth,Western Australia,Australia,Australia/Perth,2063523,COMPLETE,31,8,8,https://www.drikpanchang.com/panchang/month-panchang.html?geoname-id=2063523&date=15/08/2026,V7_EVENT_DETAIL_URL_CAPTURE,,2026-08-21T16:24:52-04:00
2026-08,geoname:2172517,geoname:2172517|city:canberra,Canberra,Australian Capital Territory,Australia,Australia/Sydney,2172517,COMPLETE,31,8,8,https://www.drikpanchang.com/panchang/month-panchang.html?geoname-id=2172517&date=15/08/2026,V7_EVENT_DETAIL_URL_CAPTURE,,2026-08-21T16:25:13-04:00
2026-08,geoname:2147714,geoname:2147714|city:sydney,Sydney,New South Wales,Australia,Australia/Sydney,2147714,COMPLETE,27,8,8,https://www.drikpanchang.com/panchang/month-panchang.html?geoname-id=2147714&date=15/08/2026,V7_EVENT_DETAIL_URL_CAPTURE,,2026-08-21T16:25:29-04:00
2026-08,geoname:285787,geoname:285787|city:kuwait,Kuwait,Al Asimah,Kuwait,Asia/Kuwait,285787,COMPLETE,27,8,8,https://www.drikpanchang.com/panchang/month-panchang.html?geoname-id=285787&date=15/08/2026,V7_EVENT_DETAIL_URL_CAPTURE,,2026-08-24T13:29:43-04:00
2026-08,geoname:1273865,geoname:1273865|city:coimbatore,Coimbatore,Tamil Nadu,India,Asia/Kolkata,1273865,COMPLETE,32,9,9,https://www.drikpanchang.com/panchang/month-panchang.html?geoname-id=1273865&date=15/08/2026,V7_EVENT_DETAIL_URL_CAPTURE,,2026-08-24T13:30:01-04:00
